	25	55	77	78	79	80	91	103	104	113	115	120	123	134	158	166	168	177	183
539x	C	C	T	T	T	G	C	T	G	C	C	C	T	T	G	C	G	G	C
163x	.	.	.	.	.	.	.	.	.	.	T	.	C	.	.	.	.	.	.
80x	.	.	.	.	.	.	.	.	.	.	.	.	.	A	.	.	.	.	.
32x	.	.	.	.	.	.	.	.	.	.	.	.	.	.	.	.	T	.	.
30x	.	T	.	.	.	.	.	.	A	.	T	.	.	.	.	.	.	.	.
28x	.	.	.	.	.	.	.	.	.	.	T	.	.	.	.	.	.	.	.
23x	.	.	.	.	.	.	.	.	.	.	.	.	C	.	.	.	.	.	.
20x	.	.	.	.	.	.	.	.	A	.	.	.	.	.	.	T	.	.	.
16x	.	T	.	.	.	.	.	.	A	.	.	.	.	.	.	.	.	.	.
15x	.	.	.	.	.	.	.	A	.	.	.	.	.	.	.	.	.	.	.
14x	.	.	.	.	.	.	.	.	A	.	.	.	.	.	.	.	.	.	.
13x	.	.	.	.	.	.	.	.	.	.	.	T	.	.	.	.	.	.	.
13x	T	.	.	.	.	.	.	.	.	.	.	.	.	.	.	.	.	.	.
12x	.	.	.	.	.	.	.	.	.	.	.	.	.	.	.	T	.	A	T
10x	.	.	.	.	.	-	.	.	.	.	.	.	.	.	.	.	.	.	.
8x	.	.	.	.	.	.	.	.	.	G	.	.	.	.	.	.	T	.	.
6x	.	.	.	.	.	.	.	.	.	.	.	.	.	.	A	.	.	.	.
6x	.	.	.	.	.	.	.	.	.	.	T	.	.	A	.	.	.	.	.
5x	.	.	.	.	.	.	.	.	.	.	.	.	.	.	.	.	A	.	.
5x	.	.	.	.	.	.	.	.	.	.	.	.	.	.	.	.	.	.	T
5x	.	.	.	.	.	.	.	.	.	.	T	.	.	.	.	.	T	.	.
5x	.	T	.	.	.	-	.	.	A	.	T	.	.	.	.	.	.	.	.
5x	T	.	.	.	.	.	T	.	.	G	.	T	.	.	.	.	.	.	.
4x	.	.	.	.	.	-	.	.	.	G	.	.	.	.	.	.	T	.	.
4x	.	.	.	.	.	.	.	.	.	.	.	.	.	.	.	.	.	A	.
4x	.	.	.	.	.	.	.	.	.	.	T	.	C	A	.	.	.	.	.
4x	.	.	.	.	.	.	T	.	.	.	.	.	.	.	.	.	.	.	.
4x	.	.	.	.	.	.	T	.	.	G	.	T	.	.	.	.	.	.	.
4x	.	T	.	.	.	-	.	.	A	.	.	.	.	.	.	.	.	.	.
3x	.	.	.	.	.	.	.	.	.	.	.	.	.	.	.	T	.	.	.
3x	.	.	.	.	.	.	.	.	.	.	T	.	C	.	.	.	A	.	.
3x	.	.	.	.	.	.	.	.	.	.	T	.	C	.	.	.	T	.	.
3x	.	.	.	.	.	.	.	.	.	G	.	.	.	.	A	.	.	.	T
3x	.	T	.	.	.	.	.	.	.	.	T	.	.	.	.	.	.	.	.
2x	.	.	.	.	.	-	.	.	.	.	T	.	.	.	.	.	T	.	.
2x	.	.	.	.	.	-	.	.	.	G	.	.	.	.	A	.	.	.	T
2x	.	.	.	.	.	.	.	.	A	.	.	.	C	.	.	T	.	.	.
2x	.	.	.	.	.	.	.	.	A	.	T	.	.	.	.	.	.	.	.
2x	.	.	.	.	.	.	.	.	A	.	T	.	.	.	.	T	.	.	.
2x	.	.	.	.	.	.	.	.	.	.	T	.	C	.	.	.	.	.	T
2x	.	.	.	.	.	.	.	.	.	.	T	.	C	.	.	T	.	.	.
2x	.	.	.	.	.	.	.	.	.	G	.	.	.	.	.	.	.	.	.
2x	T	.	.	.	.	.	.	.	.	.	T	.	.	.	.	.	.	.	.
1x	.	.	-	-	-	-	T	.	.	G	.	T	.	.	.	.	.	.	.
1x	.	.	.	.	.	-	.	.	.	.	.	.	.	A	.	.	.	.	.
1x	.	.	.	.	.	-	.	.	.	.	.	.	.	.	.	T	.	A	T
1x	.	.	.	.	.	-	.	.	.	.	T	.	.	.	.	.	.	.	.
1x	.	.	.	.	.	-	.	.	.	G	.	.	C	.	.	.	.	.	.
1x	.	.	.	.	.	.	.	.	A	.	T	.	C	.	.	.	.	.	.
1x	.	.	.	.	.	.	.	.	.	.	.	.	C	.	.	.	T	.	.
1x	.	.	.	.	.	.	.	.	.	.	.	.	C	.	.	T	.	A	T
1x	.	.	.	.	.	.	.	.	.	.	.	.	C	.	.	T	.	.	.
1x	.	.	.	.	.	.	.	.	.	.	.	.	.	.	.	T	.	A	.
1x	.	.	.	.	.	.	.	.	.	.	.	.	.	.	.	T	.	.	T
1x	.	.	.	.	.	.	.	.	.	.	T	.	C	.	.	T	.	A	T
1x	.	.	.	.	.	.	.	.	.	G	.	.	C	.	A	.	.	.	T
1x	.	.	.	.	.	.	.	.	.	G	.	.	C	.	.	.	T	.	.
1x	.	.	.	.	.	.	.	.	.	G	.	.	.	.	.	.	.	.	T
1x	.	.	.	.	.	.	.	.	.	G	T	.	.	.	.	.	T	.	.
1x	.	.	.	.	.	.	.	.	.	T	.	.	.	.	.	.	.	.	.
1x	.	.	.	.	.	.	.	.	.	T	T	.	.	.	.	.	.	.	.
1x	.	.	.	.	.	.	T	.	.	.	.	.	C	.	.	.	.	.	.
1x	.	.	.	.	.	.	T	.	.	.	.	.	.	A	.	.	.	.	.
1x	.	.	.	.	.	.	T	.	.	.	T	.	.	.	.	.	.	.	.
1x	T	.	.	.	.	.	.	.	.	.	.	.	C	.	.	.	.	.	.
1x	T	.	.	.	.	.	.	.	.	.	T	T	.	.	.	.	.	.	.
1x	T	.	.	.	.	.	T	.	.	.	.	.	.	.	.	.	.	.	.
1x	T	.	.	.	.	.	T	.	.	.	T	T	.	.	.	.	.	.	.
