	6	13	25	28	34	50	55	60	67	68	73	77	80
505x	G	A	A	G	C	C	G	C	C	C	G	C	A
319x	.	.	.	C	.	.	.	.	.	.	.	.	.
56x	.	.	.	.	G	.	.	.	.	.	.	.	.
44x	.	.	.	C	.	.	.	.	.	A	.	.	.
38x	.	.	.	.	.	.	.	.	.	.	A	.	.
34x	.	.	.	.	.	.	.	.	T	.	.	.	.
11x	.	.	.	A	.	.	.	.	.	.	.	.	.
9x	.	.	.	.	.	.	A	.	T	.	.	.	.
9x	.	.	.	.	.	G	.	.	.	.	.	.	G
8x	.	.	.	C	.	.	.	.	.	.	A	.	.
8x	.	.	.	.	.	G	.	.	.	.	.	.	.
7x	A	.	T	.	.	.	.	.	.	.	.	T	.
6x	A	.	.	.	.	.	.	.	.	.	.	.	.
6x	.	.	.	C	.	.	.	.	.	.	.	.	G
6x	.	.	.	C	.	.	.	.	T	.	.	.	.
6x	.	C	.	.	.	.	.	T	.	.	.	.	.
6x	.	C	.	.	.	.	.	T	.	.	.	.	G
5x	.	.	.	C	.	.	.	T	.	.	.	.	G
5x	.	.	.	C	G	.	.	.	.	.	.	.	.
5x	.	.	.	.	.	.	.	T	.	.	.	.	.
4x	.	.	.	.	.	.	.	.	.	.	.	.	G
3x	A	.	T	.	.	.	.	.	.	.	.	.	.
3x	.	.	.	.	.	.	.	T	.	.	.	.	G
3x	.	.	.	.	.	T	.	.	T	.	A	.	.
3x	.	C	.	.	.	.	.	.	.	.	.	.	.
2x	A	.	.	C	.	.	.	.	.	.	.	.	.
2x	.	.	.	C	.	.	.	T	.	.	.	.	.
2x	.	.	.	C	.	G	.	.	.	.	.	.	G
2x	.	.	.	C	T	.	.	.	.	.	.	.	.
2x	.	.	.	.	.	.	.	.	.	.	.	T	.
2x	.	.	.	.	.	.	.	.	.	.	T	.	.
2x	.	.	.	.	.	.	.	.	T	.	A	.	.
1x	A	.	T	C	.	.	.	.	.	.	.	.	.
1x	.	.	.	C	.	.	.	.	.	T	.	.	.
1x	.	.	.	C	.	.	.	.	T	.	A	T	.
1x	.	.	.	C	.	G	.	.	.	.	.	.	.
1x	.	.	.	C	.	T	.	.	T	.	A	.	.
1x	.	.	.	.	.	.	.	.	.	.	A	T	.
1x	.	.	.	.	.	.	.	.	.	T	.	.	.
1x	.	.	.	.	.	.	.	.	T	.	A	T	.
1x	.	.	.	.	.	T	.	.	T	.	.	.	.
1x	.	.	.	.	.	T	.	T	.	.	A	.	.
1x	.	C	.	C	.	.	.	.	.	.	.	.	.
1x	.	C	.	.	.	.	.	.	.	.	.	.	G
