	21	22	26	33	123	139	155	156	160	161	169	170	176
165x	G	G	C	G	C	G	C	T	G	A	A	T	A
109x	.	.	.	.	.	A	.	.	.	.	.	.	.
103x	.	.	.	A	T	.	.	.	.	.	.	C	C
100x	T	.	.	.	.	A	.	.	.	G	.	.	.
66x	.	.	.	.	.	A	A	.	.	.	.	.	.
64x	.	A	.	.	.	A	A	.	.	.	.	.	.
52x	.	.	.	.	T	A	.	.	A	.	.	.	.
46x	.	.	.	.	.	.	A	.	.	.	.	.	.
42x	.	.	.	.	T	.	.	.	.	.	.	.	.
36x	.	.	.	.	T	.	.	.	A	.	.	.	.
31x	.	A	.	.	.	A	.	.	.	.	.	.	.
24x	.	A	.	.	.	.	.	.	.	.	.	.	.
23x	.	A	.	.	.	.	A	.	.	.	.	.	.
20x	.	.	.	.	.	A	.	A	.	.	.	.	.
16x	.	A	.	A	.	A	A	.	.	.	.	.	.
15x	.	.	.	A	.	.	.	.	.	.	.	.	.
14x	.	.	.	.	.	.	.	.	.	.	.	.	C
12x	.	.	.	.	.	.	.	A	.	.	.	.	.
11x	.	.	.	.	T	.	.	.	.	.	.	C	C
9x	.	.	.	A	.	A	A	.	.	.	.	.	.
9x	.	.	.	.	.	A	.	.	.	G	.	.	.
8x	.	.	.	.	T	A	G	.	A	.	C	.	.
7x	.	.	.	A	T	.	.	.	.	.	.	.	.
7x	.	.	.	.	.	.	.	.	.	.	.	C	C
6x	.	A	.	.	.	A	A	.	.	.	.	.	C
6x	.	.	A	.	T	A	.	.	A	.	.	.	.
6x	.	.	.	A	.	A	.	.	.	.	.	.	.
6x	.	.	.	.	.	.	.	.	.	G	.	.	.
5x	.	.	.	A	T	A	.	.	.	.	.	C	C
5x	.	.	.	.	.	A	.	.	.	.	.	.	C
4x	.	A	.	A	.	A	.	.	.	.	.	.	.
4x	.	.	.	A	.	.	A	.	.	.	.	.	.
4x	.	.	.	A	T	A	.	.	.	.	.	.	.
4x	.	.	.	.	.	A	.	.	.	.	.	C	C
4x	.	.	.	.	T	A	.	.	.	.	.	.	.
4x	.	.	.	.	T	.	.	.	.	.	.	C	.
3x	.	A	.	A	.	.	A	.	.	.	.	.	.
3x	.	A	.	A	.	.	.	.	.	.	.	.	.
3x	.	A	.	.	T	A	.	.	.	.	.	.	.
3x	.	.	.	A	T	A	.	.	A	.	.	.	.
3x	.	.	.	.	T	A	.	.	.	.	.	C	C
3x	.	.	.	.	T	.	G	.	A	.	C	.	.
3x	T	.	.	.	.	.	.	.	.	.	.	.	.
2x	.	A	.	.	.	A	A	.	.	.	.	C	C
2x	.	A	.	.	.	A	.	.	.	.	.	.	C
2x	.	A	.	.	.	.	.	.	.	.	.	C	.
2x	.	A	.	.	T	.	.	.	.	.	.	C	C
2x	.	.	.	A	.	A	A	.	.	.	.	.	C
2x	.	.	.	A	.	A	.	.	.	.	.	C	C
2x	.	.	.	A	.	.	.	.	.	.	.	C	C
2x	.	.	.	A	T	.	.	.	.	.	.	C	.
2x	.	.	.	.	.	A	.	A	.	.	.	.	C
2x	.	.	.	.	.	A	.	.	.	.	.	C	.
2x	.	.	.	.	.	A	.	.	.	G	.	.	C
2x	.	.	.	.	.	.	.	.	.	.	.	C	.
2x	.	.	.	.	T	.	.	.	.	.	C	.	.
2x	T	.	.	.	.	A	.	.	.	.	.	.	.
2x	T	.	.	.	T	.	.	.	.	G	.	.	.
1x	.	A	.	A	.	A	A	.	.	.	.	.	C
1x	.	A	.	A	.	.	.	.	.	.	.	C	C
1x	.	A	.	A	T	.	.	.	.	.	.	C	.
1x	.	A	.	.	.	A	.	.	.	.	.	C	.
1x	.	A	.	.	.	A	.	.	.	.	.	C	C
1x	.	A	.	.	.	.	A	.	.	.	.	C	.
1x	.	A	.	.	.	.	A	.	.	.	.	.	C
1x	.	A	.	.	.	.	.	.	.	.	.	C	C
1x	.	A	.	.	.	.	.	.	.	.	.	.	C
1x	.	.	A	A	T	.	.	.	.	.	.	C	C
1x	.	.	A	.	T	.	.	.	.	.	.	C	C
1x	.	.	A	.	T	.	.	.	.	.	.	.	C
1x	.	.	.	A	.	.	.	A	.	.	.	C	.
1x	.	.	.	A	.	.	.	.	.	.	.	C	.
1x	.	.	.	A	.	.	.	.	.	.	.	.	C
1x	.	.	.	A	T	A	.	.	.	.	.	.	C
1x	.	.	.	A	T	A	.	.	.	G	.	.	.
1x	.	.	.	A	T	.	A	.	.	.	.	.	.
1x	.	.	.	A	T	.	.	.	.	.	.	.	C
1x	.	.	.	A	T	.	.	.	.	.	C	.	.
1x	.	.	.	.	.	A	A	.	.	.	.	C	C
1x	.	.	.	.	.	A	A	.	.	.	.	.	C
1x	.	.	.	.	.	.	A	.	.	.	.	.	C
1x	.	.	.	.	.	.	.	A	.	.	.	C	C
1x	.	.	.	.	T	A	A	.	.	.	.	.	.
1x	.	.	.	.	T	A	.	.	A	.	.	.	C
1x	.	.	.	.	T	A	.	.	.	G	.	.	.
1x	.	.	.	.	T	.	A	.	.	.	.	.	.
1x	.	.	.	.	T	.	.	.	A	.	.	C	C
1x	.	.	.	.	T	.	.	.	A	.	.	.	C
1x	.	.	.	.	T	.	.	.	.	.	.	.	C
1x	T	.	.	A	.	A	.	.	.	G	.	.	.
1x	T	.	.	.	.	A	.	.	.	G	.	.	C
1x	T	.	.	.	.	.	.	.	.	G	.	.	.
1x	T	.	.	.	.	.	.	.	.	G	.	.	C
1x	T	.	.	.	T	A	.	.	.	G	.	.	.
1x	T	.	.	.	T	.	.	.	.	G	.	C	C
