	3	34	47	53	72	73	91	92	93	94_indel	94_indel	94_indel
698x	T	G	C	A	T	A	A	T	G	-	-	-
147x	.	.	T	C	.	.	.	.	.	.	.	.
108x	.	.	T	C	G	.	.	.	.	.	.	.
40x	C	T	.	C	.	.	.	.	.	.	.	.
32x	.	.	.	.	G	.	.	.	.	.	.	.
26x	.	.	T	.	.	.	.	.	.	.	.	.
19x	.	.	.	C	.	.	.	.	.	.	.	.
11x	.	.	.	C	G	.	.	.	.	.	.	.
10x	C	.	.	.	.	.	.	.	.	.	.	.
9x	C	.	.	.	G	.	.	.	.	.	.	.
6x	.	.	.	.	.	G	.	.	.	.	.	.
6x	.	T	.	.	.	.	.	.	.	.	.	.
5x	C	T	.	C	G	.	.	.	.	.	.	.
3x	C	T	.	.	.	.	.	.	.	.	.	.
3x	.	.	.	.	G	.	-	-	-	.	.	.
2x	C	.	.	.	G	.	-	-	-	.	.	.
2x	C	.	.	.	.	.	-	-	-	.	.	.
2x	.	.	T	.	G	.	.	.	.	.	.	.
1x	C	T	.	C	.	.	-	-	-	.	.	.
1x	.	.	.	.	.	.	.	.	.	A	T	G
1x	.	.	.	C	A	.	-	-	-	.	.	.
1x	.	.	.	C	.	.	-	-	-	.	.	.
1x	.	.	T	.	G	.	-	-	-	.	.	.
1x	.	T	.	C	.	.	.	.	.	.	.	.
