	4	5	29	39	44	53	62	65	73	87	88	89	90	91	101	109	116	136
312x	G	G	G	G	G	T	G	T	C	T	T	T	T	C	C	A	G	G
262x	.	.	.	.	.	.	.	.	.	.	.	.	.	.	.	.	A	.
98x	.	.	.	.	.	.	.	.	.	.	.	.	.	.	.	C	.	.
96x	.	.	.	A	.	.	.	.	.	.	.	.	.	.	.	.	.	.
53x	.	.	.	.	.	C	.	.	.	A	.	.	.	.	.	.	.	.
40x	.	.	.	.	.	C	.	.	.	.	.	.	.	.	.	.	.	.
37x	.	.	.	.	.	C	.	.	T	.	.	.	.	.	.	.	.	A
34x	.	.	.	.	.	C	.	.	T	.	.	.	.	.	.	.	.	.
24x	.	.	.	.	A	.	.	.	.	.	.	.	.	.	.	.	A	.
20x	.	.	A	.	.	C	.	.	.	A	A	A	A	T	.	.	.	.
18x	A	A	.	.	.	.	.	.	.	.	.	.	.	.	.	.	A	.
15x	.	.	.	.	A	C	.	.	T	.	.	.	.	.	.	.	.	.
14x	.	.	.	.	.	C	.	.	.	A	A	A	.	T	.	.	.	.
13x	.	.	.	.	.	C	.	.	.	A	A	A	A	T	.	.	.	.
12x	.	.	A	.	.	C	.	.	.	.	.	.	.	.	.	.	.	.
11x	.	.	.	.	.	.	A	.	.	.	.	.	.	.	.	.	A	.
8x	.	.	.	.	.	C	.	.	.	.	.	.	.	.	T	.	.	.
8x	.	.	.	.	.	.	.	.	T	.	.	.	.	.	.	.	.	.
7x	.	.	.	.	.	.	.	.	.	A	.	.	.	.	.	.	.	.
6x	.	.	.	.	.	C	.	A	.	.	.	.	.	.	.	.	.	.
4x	A	A	.	.	.	.	.	.	.	.	.	.	.	.	.	.	.	.
4x	.	.	A	.	.	.	.	.	.	.	.	.	.	.	.	.	.	.
4x	.	.	.	.	.	C	.	A	T	.	.	.	.	.	.	.	.	.
4x	.	.	.	.	.	.	.	.	.	.	.	.	.	.	T	.	.	.
3x	A	A	.	.	A	.	.	.	.	.	.	.	.	.	.	.	A	.
3x	.	A	.	.	.	.	.	.	.	.	.	.	.	.	.	.	A	.
3x	.	.	.	.	A	.	.	.	.	.	.	.	.	.	.	.	.	.
3x	.	.	.	.	.	C	.	.	.	A	A	A	.	.	.	.	.	.
3x	.	.	.	.	.	.	.	.	.	A	A	A	.	T	.	.	.	.
2x	.	.	A	.	.	C	.	.	.	A	A	.	.	.	.	.	.	.
2x	.	.	.	.	.	C	.	.	.	.	.	.	.	.	.	.	.	A
2x	.	.	.	.	.	.	A	.	.	.	.	.	.	.	.	.	.	.
1x	A	A	.	.	.	.	.	.	T	.	.	.	.	.	.	.	.	.
1x	.	.	A	.	.	C	.	.	.	A	A	A	A	.	.	.	.	.
1x	.	.	A	.	.	C	.	.	.	A	A	A	.	.	.	.	.	.
1x	.	.	.	.	A	C	.	.	.	.	.	.	.	.	.	.	.	.
1x	.	.	.	.	.	C	A	A	.	.	.	.	.	.	.	.	.	.
1x	.	.	.	.	.	C	.	.	.	A	A	A	A	.	.	.	.	.
1x	.	.	.	.	.	C	.	.	.	A	A	.	A	T	.	.	.	.
1x	.	.	.	.	.	C	.	.	.	.	.	A	.	T	.	.	.	.
1x	.	.	.	.	.	C	.	.	T	.	.	.	.	T	.	.	.	.
1x	.	.	.	.	.	.	.	.	T	.	.	.	.	.	.	.	A	.
