	36	59	64	89	92	96	98	100	203	221	224	225	226	229	246
665x	G	G	G	C	T	G	C	A	T	G	G	A	G	A	C
185x	.	.	T	.	.	.	.	.	.	.	.	.	.	.	.
108x	.	.	.	A	.	.	.	G	G	A	.	.	.	T	T
66x	.	.	.	.	.	A	.	.	.	.	.	.	.	.	.
22x	.	A	.	.	.	.	.	.	.	.	.	.	.	.	.
19x	.	.	.	.	A	.	.	.	.	.	.	.	.	.	.
15x	.	.	T	.	.	.	.	.	.	.	T	T	A	.	.
14x	.	.	.	.	.	.	A	.	.	.	.	.	.	.	.
9x	A	.	.	.	.	.	.	.	.	.	.	.	.	.	.
6x	.	.	.	A	.	.	.	G	.	.	.	.	.	.	.
4x	A	.	.	A	.	.	.	G	.	.	.	.	.	.	.
4x	.	.	.	A	.	.	.	G	G	A	.	.	.	T	.
3x	.	.	.	A	.	.	.	G	G	A	.	.	.	.	T
3x	.	.	T	.	.	A	.	.	.	.	.	.	.	.	.
3x	.	.	T	.	.	.	.	.	.	.	T	T	.	.	.
1x	A	.	.	A	.	A	.	G	.	.	.	.	.	.	.
1x	A	.	.	.	.	.	.	G	.	.	.	.	.	.	.
1x	.	.	.	A	.	A	.	G	G	A	.	.	.	T	T
1x	.	.	.	A	.	.	.	.	G	A	.	.	.	T	T
1x	.	.	.	A	.	.	.	G	G	A	.	.	.	.	.
1x	.	.	.	A	.	.	.	G	G	.	.	.	.	T	T
1x	.	.	.	.	.	A	.	.	G	.	.	.	.	T	T
1x	.	.	.	.	.	.	.	.	G	.	.	.	.	.	.
1x	.	.	.	.	.	.	.	.	.	.	T	T	.	.	.
