"chr,position",88,108,139,159,265,350,351,403,410,424,428,430,470,476,484,504,506,531,544,546,628,630,680,681,685,687,728,742,763,765,766,768,772,801,853,854,867,868,870,915,932,991,992,997,1002,1006,1061,1062,1063,1066,1070,1158,1166,1254,1257,1313,1317,1552,1612,1622,1651,1652,1676,1684,1739,1741,1756,1757,1793,1797,1819,1820,1829,1834,1835,1851,1852,1853,1872,1890,1925,1942,1943,1954,2016,2017,2031,2053,2057,2081,2091,2106,2108,2141,2159,2166,2171,2191,2202,2212,2239,2240,2276,2278,2285,2286,2317,2370,2412,4779,4807,4826,4840,4857,4884,4900,4939,4958,5023,5104,5151,5165,5210,5236,5249,5253,5276,5279,5349,5353,5395,5486,5577,5644,5651,5717,5718,5720,5726,5741,5748,5757,5768,5772,5776,5779,5784,5798,5800,5811,5822,5830,5831,5832,5836,5837,5856,5860,5865,5867,5874,5890,5893,5907,5921,5950,5984,5993,6008,6009,6010,6011,6012,6013,6016,6017,6019,6020,6021,6022,6023,6024,6025,6030,6034,6035,6036,6038,6039,6040,6041,6042,6043,6046,6064,6069,6070,6071,6073,6074,6076,6077,6085,6086,6087,6088,6090,6091,6092,6094,6095,6096,6097,6098,6099,6100,6101,6102,6104,6105,6106,6107,6108,6109,6111,6112,6113,6114,6115,6118,6119,6122,6123,6124,6125,6126,6128,6131,6132,6133,6134,6136,6137,6138,6140,6141,6142,6145,6148,6149,6150,6151,6153,6154,6163,6166,6169,6172,6173,6174,6177,6180,6184,6188,6189,6191,6192,6193,6194,6195,6198,6201,6202,6203,6209,6210,6214,6216,6217,6218,6220,6221,6231,6235,6237,6238,6240,6241,6242,6243,6244,6252,6255,6258,6268,6276,6284,6296,6390,6396,6413,6424,6434,6445,6680,6739,6740,6744,6749,6750,6805,6806,6814,6830,6897,6898,6900,6901,6903,6904,6907,6908,6909,6911,6913,6915,6917,6918,6919,6920,6922,6923,6924,6926,6927,6929,6931,6932,6933,6938,6940,6943,6944,6945,6951,6956,6957,6958,6959,6960,6961,6963,6966,6967,6968,6969,6970,6971,6973,6974,6975,6976,6979,6981,6982,6984,6986,6987,6989,6990,6992,6997,7000,7002,7003,7008,7013,7014,7025,7026,7028,7031,7033,7036,7058,7061,7062,7063,7064,7067,7068,7071,7072,7077,7081,7092,7094,7096,7102,7103,7106,7107,7109,7111,7117,7119,7120,7125,7126,7127,7130,7133,7138,7143,7147,7158,7160,7161,7162,7163,7164,7165,7169,7177,7181,7183,7186,7192,7199,7202,7203,7207,7208,7209,7213,7217,7218,7223,7231,7236,7244,7248,7250,7255,7258,7268,7273,7276,7280,7282,7287,7288,7296,7298,7305,7306,7307,7314,7316,7319,7320,7322,7323,7327,7328,7332,7333,7337,7342,7343,7344,7346,7347,7349,7350,7353,7354,7356,7358,7359,7372,7373,7377,7378,7382,7383,7384,7387,7394,7396,7404,7411,7413,7415,7416,7417,7418,7419,7424,7427,7430,7460,7461,7471,7475,7477,7514,7515,7516,7517,7520,7521,7523,7525,7529,7530,7566,7568,7717,7757,7767,7917,7947,8037,8057,8077,8132,8171,8214,8222,8227,8230,8231,8233,8234,8235,8236,8237,8238,8239,8240,8241,8242,8243,8244,8246,8247,8249,8256,8258,8259,8264,8283,8284,8285,8290,8297,8306,8307,8311,8312,8326,8334,8335,8337,8343,8351,8354,8357,8365,8366,8369,8376,8386,8387,8419,8420,8422,8424,8426,8427,8464,8483,8699,8723,9027,9057,9058,9067,9069,9070,9075,9078,9079,9081,9084,9085,9089,9091,9095,9099,9100,9102,9103,9104,9105,9106,9111,9113,9114,9115,9121,9125,9128,9130,9131,9133,9134,9298,9312,9314,9321,9323,9332,9336,9339,9343,9352,9353,9363,9369,9370,9371,9380,9381,9382,9383,9386,9388,9390,9391,9392,9394,9395,9399,9402,9404,9405,9407,9408,9409,9412,9413,9416,9421,9427,9433,9436,9437,9442,9450,9451,9452,9453,9454,9455,9470,9471,9476,9481,9503,9506,9507,9508,9509,9510,9511,9512,9513,9514,9515,9517,9518,9519,9520,9521,9522,9523,9524,9525,9526,9527,9528,9529,9530,9531,9532,9533,9534,9535,9536,9537,9539,9540,9541,9542,9543,9544,9545,9546,9547,9548,9549,9550,9551,9552,9553,9554,9555,9556,9557,9558,9559,9560,9561,9562,9564,9565,9567,9568,9569,9571,9573,9574,9576,9577,9578,9579,9581,9582,9583,9584,9585,9586,9587,9588,9589,9590,9591,9592,9593,9594,9595,9596,9597,9598,9599,9600,9601,9602,9606,9607,9608,9609,9610,9611,9612,9613,9615,9616,9617,9619,9620,9621,9622,9624,9625,9626,9627,9628,9629,9630,9631,9632,9633,9634,9635,9636,9637,9638,9639,9640,9641,9642,9643,9644,9645,9646,9647,9648,9649,9651,9653,9655,9656,9657,9658,9659,9660,9661,9663,9664,9665,9666,9667,9668,9669,9670,9671,9672,9673,9676,9677,9678,9679,9680,9681,9682,9683,9684,9685,9686,9687,9689,9690,9691,9692,9693,9694,9695,9696,9697,9698,9699,9700,9701,9703,9704,9705,9706,9707,9708,9709,9710,9711,9712,9713,9714,9716,9717,9718,9719,9720,9721,9722,9723,9725,9726,9727,9728,9729,9730,9731,9732,9733,9735,9736,9737,9738,9739,9741,9743,9744,9745,9747,9748,9749,9754,9755,9756,9757,9758,9759,9761,9762,9764,9766,9768,9769,9770,9771,9772,9774,9775,9776,9777,9778,9779,9780,9781,9782,9783,9784,9785,9786,9787,9788,9789,9790,9791,9792,9793,9794,9795,9796,9797,9798,9799,9800,9801,9802,9803,9804,9805,9806,9807,9808,9809,9810,9811,9812,9813,9814,9815,9816,9817,9819,9820,9821,9822,9823,9824,9825,9826,9827,9828,9830,9831,9832,9833,9834,9835,9836,9837,9838,9839,9840,9841,9843,9844,9845,9846,9847,9848,9849,9850,9851,9852,9853,9854,9855,9856,9857,9858,9859,9860,9861,9862,9864,9866,9867,9868,9869,9870,9871,9873,9874,9875,9876,9877,9878,9879,9880,9881,9882,9883,9885,9886,9887,9888,9890,9891,9892,9894,9895,9897,9898,9899,9900,9901,9902,9903,9904,9905,9906,9908,9909,9910,9911,9912,9914,9915,9917,9918,9920,9921,9924,9925,9926,9927,9928,9929,9930,9932,9933,9935,9937,9938,9939,9941,9942,9943,9944,9945,9946,9947,9948,9949,9950,9951,9952,9953,9955,9956,9957,9958,9959,9960,9962,9963,9964,9965,9966,9968,9969,9970,9971,9972,9973,9974,9975,9976,9978,9979,9980,9981,9982,9983,9984,9985,9986,9987,9988,9990,9991,9993,9995,9996,9997,9998,9999,10001,10002,10004,10005,10006,10008,10009,10010,10011,10012,10013,10014,10015,10017,10018,10020,10022,10023,10027,14312,14313,14314,14315,14318,14319,15560,15591,15592,15593,18694,18696,19949,19950,19951
"chr5,2838630",5,10,9,6,12,8,13,7,13,8,9,7,63,49,35,34,52,27,107,76,49,13,68,49,79,34,25,53,26,9,9,16,13,11,82,71,45,27,12,16,9,29,9,13,23,39,18,70,15,10,13,41,59,35,38,23,50,50,37,51,48,55,35,20,52,38,37,56,61,29,47,27,23,40,37,52,29,13,13,21,12,17,18,16,11,50,36,69,57,28,29,48,52,64,38,47,17,42,12,58,38,43,8,19,29,62,-20,35,58,8,15,7,65,54,6,7,67,24,5,4,15,10,22,9,50,13,5,68,15,14,44,4,9,10,41,49,71,10,7,12,9,5,10,16,60,12,14,57,16,5,8,19,19,15,33,16,12,28,73,11,7,7,12,5,5,21,10,-20,9,12,54,54,35,11,6,32,36,12,26,87,22,16,20,9,19,15,28,22,11,16,26,17,5,5,8,26,19,12,24,17,5,14,26,28,46,18,24,57,9,31,48,28,27,29,17,22,54,8,20,26,19,19,17,46,22,18,16,33,37,51,57,50,55,58,14,13,19,30,18,15,24,20,25,27,12,31,26,22,28,28,25,27,20,8,9,25,18,20,36,21,23,11,21,18,15,32,30,22,30,25,11,24,13,35,31,22,62,58,26,59,20,16,8,31,11,14,12,7,5,14,15,40,9,14,77,50,42,10,10,8,31,8,12,7,9,43,48,8,44,60,45,64,54,62,15,7,6,5,32,113,15,27,18,26,13,10,8,12,17,43,11,22,9,11,36,11,17,41,68,14,6,42,28,28,12,20,8,13,25,18,14,12,12,17,9,27,10,19,18,30,13,28,13,16,13,18,16,8,18,18,10,8,10,59,15,11,10,65,10,23,22,10,11,13,27,22,21,11,9,24,5,17,6,13,5,21,-20,13,86,4,14,16,8,21,30,5,12,22,17,9,23,14,18,23,18,13,15,12,11,10,7,18,15,16,13,31,9,13,27,24,22,15,121,27,15,12,12,17,7,17,10,17,-20,7,12,9,18,10,12,17,89,21,9,12,14,5,18,20,16,11,9,24,11,19,20,8,4,10,16,13,6,10,21,8,10,16,7,8,75,35,31,17,9,15,6,11,13,14,11,20,3,19,29,15,22,20,9,20,11,12,7,9,13,7,73,13,11,19,13,6,6,26,7,18,55,44,62,52,14,56,41,9,12,55,36,7,14,47,8,4,52,16,3,6,46,9,3,9,10,10,17,27,24,16,25,13,10,13,14,27,23,15,19,11,11,19,14,12,41,18,7,46,19,12,14,12,21,6,104,8,14,6,22,18,7,13,17,26,40,30,20,71,40,53,69,42,17,42,7,33,18,12,30,5,13,-20,7,17,-20,18,14,34,24,14,27,23,8,32,5,12,5,8,27,13,19,29,18,19,12,9,10,23,28,16,90,38,45,51,45,22,30,27,22,66,58,27,43,32,26,10,66,38,24,7,20,20,70,20,9,16,18,26,46,19,14,31,30,31,29,30,4,20,9,74,28,34,32,32,18,21,19,21,18,19,12,10,15,23,10,14,14,10,10,19,20,11,14,25,19,18,12,13,9,17,17,11,12,18,26,18,15,18,10,18,18,15,18,11,13,12,9,29,22,18,12,26,12,16,18,21,13,11,21,12,17,19,9,9,18,8,21,14,16,9,5,16,16,11,24,17,20,20,13,18,18,20,12,15,10,32,16,16,16,8,20,12,18,21,23,19,11,4,6,4,10,11,18,5,15,15,14,10,13,20,8,18,19,22,10,9,10,16,20,7,9,10,9,16,10,-20,12,12,17,5,-20,6,14,16,18,8,13,10,8,6,13,5,10,16,5,20,8,12,20,10,12,-20,9,11,19,12,33,15,-20,19,13,8,9,11,20,11,7,8,10,17,10,5,10,17,21,15,15,-20,14,4,16,14,21,7,25,14,15,16,12,15,14,17,6,9,10,9,14,6,17,9,16,16,14,10,11,5,22,10,18,23,15,20,11,13,11,16,14,13,9,9,15,9,14,30,18,28,11,10,10,16,6,80,9,13,22,13,20,20,21,18,22,32,26,17,17,23,18,17,21,17,15,17,19,26,24,18,14,12,23,21,47,20,25,13,10,8,28,15,12,24,29,28,15,13,8,9,16,14,6,19,7,9,17,10,8,11,6,5,14,25,8,4,12,15,16,15,8,19,13,15,10,9,18,17,12,11,22,17,18,9,10,9,16,11,20,14,11,2,-20,7,7,6,5,3,7,9,5,16,9,17,15,10,17,8,14,12,10,24,11,13,9,8,10,13,13,16,8,52,8,11,16,12,12,7,11,15,7,8,10,4,8,15,-20,12,17,4,-20,11,16,13,12,13,9,11,7,12,7,8,11,6,13,17,26,10,13,12,17,11,12,6,10,7,13,4,13,-20,6,20,8,12,3,13,4,8,9,5,-20,15,6,-20,4,-20,9,-20,-20,6,12,8,9,10,5,-20,10,4,8,-20,3,5,15,6,14,10,4,6,9,7,16,6,19,3,6,9,6,7,11,12,4,7,11,6,5,17,11,34,42,18,26,40,30,27,36,61,48,68,58,91,62,59,61,39,62
"chr5,2838635",6,10,10,7,13,8,11,6,13,6,9,4,66,51,33,32,53,27,110,73,47,11,67,53,80,33,24,50,21,8,9,16,14,10,77,71,44,30,14,15,8,30,8,13,21,36,18,76,16,12,14,41,60,31,40,21,46,48,35,51,46,51,36,20,48,41,34,56,58,28,46,29,23,42,38,52,31,14,9,22,10,14,19,13,10,49,38,72,59,29,28,48,52,64,37,47,17,40,9,50,41,44,8,20,30,62,-20,37,58,9,12,6,67,54,7,6,65,22,5,5,15,11,19,8,53,12,6,69,17,13,43,-20,9,10,39,50,70,11,7,10,-20,6,8,15,54,12,10,57,16,5,7,19,18,15,29,14,15,27,73,10,7,8,13,-20,4,22,10,-20,9,11,55,59,23,14,6,28,35,15,24,92,21,16,20,9,19,14,26,26,11,15,26,18,5,7,8,25,17,11,23,18,5,16,30,26,48,17,29,58,9,33,45,30,25,32,17,22,51,9,20,25,18,19,18,46,23,19,14,37,36,48,54,50,54,61,14,13,20,30,15,14,26,21,23,24,13,29,21,22,29,28,23,24,20,6,9,25,22,20,34,19,24,9,21,20,12,34,28,26,30,25,10,26,14,35,16,19,59,62,27,62,20,21,8,31,13,13,10,8,9,15,16,39,9,15,79,53,41,9,9,7,31,9,11,10,9,45,48,6,45,57,46,65,55,64,15,6,6,5,31,117,13,25,17,28,13,11,8,12,15,40,10,22,9,12,37,9,17,40,71,15,6,44,28,31,12,19,7,12,24,18,15,12,13,16,10,28,11,18,19,32,13,25,12,15,13,16,17,7,18,19,8,8,10,61,14,11,9,63,13,21,22,10,10,13,24,22,22,13,10,25,4,17,7,13,3,21,-20,12,85,4,14,15,8,23,31,5,12,21,17,8,23,14,19,23,18,10,15,11,10,10,5,18,16,16,13,29,10,13,27,25,21,17,111,25,15,11,11,15,7,19,11,16,7,7,12,9,18,12,11,15,89,19,9,11,14,6,18,20,18,12,6,21,11,17,17,6,4,11,18,12,6,16,22,6,9,16,7,8,73,38,29,16,9,15,6,12,14,15,11,21,3,18,25,13,22,21,9,20,11,11,7,9,14,7,73,14,15,19,13,7,7,27,8,20,54,39,60,53,15,58,40,11,12,55,36,5,16,47,8,4,52,18,3,7,46,8,3,11,10,9,17,28,25,17,24,14,9,12,13,26,26,13,18,12,12,19,12,11,42,16,7,44,18,10,13,11,21,8,108,9,13,6,20,19,7,14,17,27,45,31,20,72,42,56,67,41,22,42,8,34,16,12,30,6,15,8,7,16,5,19,15,35,22,13,25,23,7,37,6,12,7,7,24,15,16,29,17,22,11,9,9,20,30,16,89,38,46,46,45,22,26,26,22,60,54,26,42,31,26,10,64,38,26,6,21,21,72,19,9,16,16,27,46,16,12,35,28,33,27,30,3,19,10,74,24,31,32,37,17,22,21,23,19,20,13,11,13,22,11,14,15,10,12,22,20,12,14,25,18,17,11,17,9,18,16,12,11,16,23,23,15,18,7,16,18,15,17,11,12,11,8,30,24,20,15,25,14,14,17,17,13,10,24,12,16,17,10,8,17,6,23,16,16,8,5,16,13,12,23,18,20,22,11,16,17,21,11,15,10,33,15,17,16,9,19,11,18,20,25,-20,11,4,6,6,8,12,18,5,13,12,13,10,12,18,6,18,26,24,9,9,9,11,18,-20,11,10,7,15,10,-20,11,12,19,4,7,7,14,14,20,9,11,9,7,6,12,5,10,20,5,19,10,12,16,8,12,-20,9,14,18,10,34,14,8,19,13,8,10,11,17,10,8,8,11,16,12,6,11,16,27,14,14,10,11,4,17,14,22,7,24,15,14,18,12,13,15,20,5,8,12,9,14,6,19,9,16,12,14,9,10,3,24,10,19,24,17,16,10,13,9,16,13,13,9,7,17,7,15,30,18,29,13,10,11,16,6,80,9,13,21,13,19,22,18,17,18,30,21,18,17,21,19,16,22,16,14,18,18,27,23,20,15,10,21,20,43,21,26,12,10,7,28,14,12,23,28,28,16,12,8,7,13,18,7,19,8,8,15,11,6,10,6,-20,14,27,8,3,10,15,14,13,8,19,12,16,9,11,19,15,12,11,20,18,18,10,-20,8,15,11,19,14,10,3,-20,-20,7,6,6,4,7,9,7,16,8,17,15,11,15,8,15,10,10,21,10,12,8,6,10,10,11,14,6,50,8,9,15,13,11,9,10,16,7,9,10,4,7,13,3,9,17,4,-20,12,15,12,12,15,8,10,7,9,7,6,10,7,14,16,33,11,14,-20,18,10,12,-20,11,7,12,3,12,7,6,20,7,16,4,12,5,7,8,4,-20,17,5,-20,3,-20,-20,-20,-20,5,11,11,12,12,6,4,11,5,7,-20,3,5,14,6,15,8,-20,5,7,5,17,-20,17,3,5,9,5,7,11,13,3,8,13,6,5,16,11,34,42,18,28,40,31,27,36,59,50,68,61,91,62,60,62,44,62
"chr5,2838640",7,10,9,7,16,8,12,7,14,6,10,3,66,49,36,33,54,27,109,71,45,13,70,50,80,35,25,51,23,8,11,17,14,10,80,69,42,32,17,16,9,29,11,14,18,36,18,78,16,13,18,40,63,30,40,20,53,45,33,52,44,55,34,24,47,43,36,55,54,31,44,30,23,41,37,56,30,15,9,21,10,13,19,15,11,47,36,74,56,30,33,52,50,66,39,47,17,42,11,50,43,45,8,20,33,60,-20,37,56,9,12,5,59,52,8,7,65,25,6,5,15,11,17,7,53,13,7,70,20,13,44,-20,13,10,41,50,72,12,8,11,-20,9,9,16,52,14,9,57,15,5,8,16,18,14,27,15,15,27,76,10,8,8,14,8,5,20,10,8,9,12,53,54,26,13,5,31,35,16,23,90,21,17,22,8,19,14,27,26,10,17,27,16,5,7,8,32,17,12,18,17,-20,16,31,29,47,16,27,56,9,36,49,31,28,38,17,20,54,10,18,-20,16,20,22,45,22,22,14,35,43,51,56,46,56,61,15,14,19,29,15,14,29,24,23,24,14,29,21,19,30,30,20,26,19,8,10,22,22,18,30,21,25,10,22,21,12,34,28,24,32,20,8,26,14,31,18,19,59,63,28,60,21,23,9,30,13,15,11,9,-20,15,13,39,-20,14,64,48,41,9,10,7,30,10,12,13,-20,44,51,6,48,58,49,60,52,66,12,7,7,5,30,120,14,27,15,29,16,14,8,12,15,39,10,23,9,14,38,9,20,40,69,15,6,44,29,30,12,19,7,11,21,17,15,13,13,16,10,27,11,18,18,30,14,25,16,14,13,16,16,7,18,19,7,8,9,62,13,10,9,60,13,21,19,10,10,14,23,23,22,12,-20,21,4,17,7,13,3,18,-20,12,84,4,14,15,9,22,30,5,12,19,18,7,25,14,20,23,19,12,14,11,9,10,7,18,15,13,15,29,9,13,25,23,20,20,108,26,16,10,12,15,10,18,10,15,8,6,11,9,17,12,10,15,95,18,10,11,13,5,18,22,17,13,6,21,12,18,17,7,4,11,19,12,6,18,22,5,10,14,7,9,66,38,30,15,10,16,4,12,15,14,11,22,3,18,19,12,18,21,9,17,10,11,7,9,14,7,74,12,15,19,14,7,7,26,8,21,55,38,60,56,15,61,38,12,11,54,35,6,16,47,9,8,51,20,3,-20,48,9,-20,13,10,9,15,27,25,15,23,13,8,11,14,26,26,14,19,13,11,17,12,10,43,17,7,46,17,8,13,11,21,8,108,8,15,7,23,18,7,14,17,28,42,34,20,76,43,55,67,41,22,40,8,35,17,13,33,10,16,10,7,18,6,21,14,37,23,16,27,22,8,39,7,12,8,7,26,21,15,28,19,20,12,9,9,20,22,16,86,39,48,42,40,20,28,24,20,56,51,27,41,28,28,12,61,38,23,6,20,24,76,18,7,14,13,29,47,15,13,37,28,31,28,33,3,19,13,70,23,28,30,32,17,19,23,24,19,19,13,11,11,21,11,16,14,10,17,21,21,13,14,26,22,18,9,17,11,18,17,12,17,18,24,22,15,18,7,16,18,15,17,10,13,12,11,31,24,20,14,29,14,18,18,17,15,10,21,13,17,17,10,9,16,7,21,17,18,9,4,18,13,11,24,18,24,23,14,17,18,19,11,15,10,35,16,16,16,10,22,10,19,20,26,19,14,4,6,6,11,13,17,7,14,12,13,12,13,18,7,18,28,24,9,8,9,11,20,9,11,12,7,15,11,5,13,13,19,4,7,7,15,13,17,9,10,9,7,6,11,5,10,20,5,19,10,13,19,9,12,5,9,16,18,11,34,13,8,21,15,8,9,8,17,9,8,8,10,17,12,7,12,16,27,15,15,12,13,5,18,17,20,7,26,15,16,19,14,14,15,21,5,8,13,11,15,6,21,11,16,12,14,9,12,3,25,12,20,25,18,17,10,13,9,20,14,15,9,7,17,7,15,33,19,29,13,10,12,16,7,79,11,14,22,14,23,23,17,18,19,31,23,19,17,23,21,18,23,19,14,19,20,28,22,20,16,9,21,22,46,22,26,11,15,8,28,14,13,22,28,29,15,12,10,7,14,18,8,19,8,8,17,12,7,10,7,9,15,27,8,3,10,15,16,15,9,20,13,14,9,11,21,15,15,11,21,19,18,10,-20,-20,15,11,20,15,14,3,-20,7,-20,6,6,4,9,10,8,16,8,16,15,13,15,9,15,10,9,22,12,-20,8,6,11,10,11,14,6,52,8,9,16,15,13,9,10,15,7,11,9,4,7,13,4,9,18,4,-20,13,16,12,12,15,9,10,8,10,7,8,13,-20,15,17,30,13,13,13,16,12,14,6,10,-20,13,5,12,5,5,27,7,16,4,15,4,7,8,5,8,20,4,-20,3,-20,7,-20,-20,5,14,11,10,10,9,6,15,5,7,8,4,5,12,-20,13,10,4,5,8,6,16,7,16,5,5,10,6,6,13,9,-20,10,11,6,7,15,9,32,41,16,29,39,31,26,35,57,51,60,61,82,63,64,60,49,64
"chr5,2838675",9,11,8,8,19,7,9,11,15,4,10,5,59,56,36,31,44,27,115,73,39,17,59,44,81,35,32,50,18,9,9,13,9,19,67,69,35,30,20,16,17,21,11,17,15,28,17,72,12,13,25,38,59,29,36,19,60,47,28,45,32,50,38,24,36,42,34,54,52,28,40,28,25,39,28,66,26,16,7,18,8,14,17,9,11,38,28,68,50,25,32,49,51,57,41,50,17,43,11,45,46,38,9,25,32,57,-20,33,57,10,13,7,58,50,11,7,68,20,6,8,19,12,13,9,46,11,6,49,25,7,28,7,16,10,37,43,60,10,8,17,7,14,10,17,54,10,9,45,13,7,10,14,14,5,29,19,8,24,70,33,18,5,10,10,7,19,10,8,4,16,46,50,24,18,-20,26,15,17,24,112,9,18,23,-20,36,10,18,20,8,7,27,22,-20,10,5,29,10,12,18,15,3,21,24,21,40,17,24,64,8,31,56,31,21,32,17,17,54,10,19,25,17,31,25,36,21,22,17,24,33,49,56,47,62,49,15,14,13,22,20,16,27,27,28,25,12,24,15,15,22,28,17,19,16,11,15,21,17,21,30,18,18,20,21,22,9,24,27,29,33,22,12,24,15,31,23,15,51,47,28,57,9,21,9,32,14,15,14,-20,9,5,5,31,6,15,49,28,45,6,4,6,34,6,11,10,12,27,44,5,49,48,48,42,47,57,12,9,6,10,28,107,-20,28,14,23,13,11,5,15,15,28,9,24,6,15,34,8,18,42,47,21,-20,30,33,27,14,16,8,11,21,9,13,10,8,15,7,20,6,13,22,35,10,19,18,11,9,12,16,9,13,14,7,8,9,55,10,7,-20,60,9,15,14,8,6,19,14,17,19,17,7,19,-20,17,3,11,13,11,4,11,75,4,10,15,6,30,25,3,8,19,14,6,22,12,18,18,18,8,10,6,6,10,7,18,13,12,15,27,13,10,16,22,21,16,85,20,17,10,13,15,5,14,8,12,8,8,10,9,16,9,9,18,78,17,7,6,16,3,14,24,13,12,-20,12,10,14,15,4,3,7,14,10,5,24,22,5,12,7,6,7,61,46,28,15,11,17,4,15,16,14,8,19,3,15,21,13,22,18,8,15,6,9,4,8,10,6,73,12,15,13,15,10,13,27,5,19,49,44,57,45,16,56,36,11,8,47,34,8,10,49,9,15,46,24,4,6,45,9,-20,15,13,-20,11,24,28,9,19,9,9,8,13,19,22,17,16,9,11,8,11,11,33,15,6,41,11,17,13,11,24,7,86,9,10,4,27,23,7,11,14,29,36,40,24,73,31,53,60,38,23,29,10,34,18,10,33,12,19,14,8,22,9,19,10,32,29,23,25,20,16,56,10,17,-20,12,33,17,20,29,20,38,10,9,9,32,28,21,75,36,46,44,46,24,41,27,28,55,42,32,30,26,34,25,59,42,25,7,31,22,64,4,8,17,11,24,48,11,11,29,26,36,36,48,6,22,16,80,24,29,23,29,8,17,28,29,26,17,19,12,11,27,12,20,10,6,14,23,22,17,19,21,25,17,8,19,14,25,16,17,19,16,24,21,19,14,9,11,15,14,11,15,16,7,14,23,19,19,13,24,12,19,19,20,22,18,18,10,15,10,7,-20,16,11,19,16,19,7,6,23,16,20,20,11,28,18,16,13,12,15,10,17,11,38,18,16,13,9,21,9,23,17,24,20,17,-20,10,10,13,18,14,12,18,15,13,20,14,15,9,12,31,26,5,8,12,-20,21,11,5,14,10,22,11,6,13,10,15,7,10,6,17,12,18,7,10,6,9,7,14,8,8,20,8,16,7,15,10,10,12,4,9,25,16,13,27,15,12,21,13,5,10,8,21,13,11,16,5,20,16,6,8,14,29,21,16,13,17,8,12,22,22,10,31,13,16,21,21,10,19,20,5,9,17,12,27,6,20,12,13,12,8,13,20,-20,24,15,15,25,15,12,11,13,9,17,17,13,12,8,13,12,18,38,20,29,16,6,8,17,8,63,7,24,26,16,25,24,20,21,23,28,34,28,22,21,26,21,21,22,17,22,22,33,28,16,15,11,16,29,50,21,25,19,21,15,28,12,16,24,23,22,16,9,13,10,12,13,4,22,7,11,15,11,12,14,7,11,11,20,7,9,8,18,13,15,10,25,12,15,-20,7,18,9,13,9,25,20,16,13,5,6,13,11,16,14,15,2,3,6,5,9,9,4,12,10,7,13,9,14,16,18,10,11,13,7,18,16,14,15,9,11,6,7,16,17,14,57,8,12,18,11,16,15,9,15,14,12,9,9,8,13,6,9,21,3,-20,11,16,17,9,15,5,14,10,8,7,12,15,9,19,19,26,20,12,7,15,14,11,3,2,10,18,5,12,5,-20,20,4,10,-20,11,-20,-20,-20,7,4,12,9,5,-20,7,11,5,4,3,9,-20,5,4,7,9,8,4,4,-20,9,5,7,-20,11,7,8,-20,-20,-20,10,7,14,6,-20,6,-20,5,9,12,-20,7,6,10,9,12,8,4,39,15,28,39,26,23,35,57,50,59,38,64,65,64,57,54,65
"chr5,2838680",9,12,8,8,20,6,10,12,15,3,9,5,59,55,37,31,43,30,117,73,40,18,61,45,82,36,33,48,19,10,9,15,9,19,64,72,36,31,21,17,17,20,9,16,14,28,-20,69,12,15,27,36,59,27,-20,20,50,51,26,42,33,51,40,25,36,41,36,51,52,27,41,28,29,37,27,62,27,16,7,18,8,14,14,9,11,36,26,67,51,25,32,53,51,57,40,45,20,40,11,46,47,37,9,24,30,60,3,35,59,10,13,7,52,46,11,7,68,20,7,9,19,12,15,9,44,11,6,53,24,8,25,7,16,10,34,40,56,10,8,17,7,15,10,19,51,10,9,42,13,7,10,13,14,6,28,19,8,25,69,35,17,6,10,10,8,19,12,8,4,14,48,52,21,21,-20,24,13,17,25,93,8,18,21,8,37,10,19,23,10,8,27,22,-20,10,6,26,13,12,21,23,3,19,23,21,38,19,23,63,8,32,53,31,19,33,18,16,55,10,19,24,14,28,25,35,22,21,20,26,33,44,60,48,62,51,19,14,13,20,18,17,28,29,31,23,12,26,15,15,22,27,17,21,14,12,19,16,18,19,33,19,18,20,19,22,9,23,31,28,32,20,16,24,17,26,28,12,50,47,31,58,4,21,9,35,13,16,14,7,9,4,5,33,7,14,50,17,42,7,6,6,37,6,10,10,8,32,45,5,51,48,48,41,47,58,12,9,6,9,26,96,9,28,14,23,10,11,5,14,15,33,10,25,5,14,33,9,17,40,44,20,-20,32,35,27,13,17,8,11,24,10,11,10,9,15,8,21,6,14,22,35,10,20,18,10,9,10,16,10,12,14,9,7,7,53,10,7,7,59,8,13,14,10,7,18,15,16,17,21,7,14,-20,15,3,12,14,12,6,10,78,4,9,15,5,28,23,-20,8,19,12,7,23,12,17,19,18,9,7,5,6,11,7,18,14,11,15,27,15,12,16,23,19,16,84,20,16,10,13,14,6,13,8,12,8,7,10,9,17,9,11,17,78,19,7,6,16,3,13,23,14,12,-20,16,10,12,17,4,3,7,13,11,5,24,21,5,12,6,7,5,64,47,28,16,10,17,4,15,14,14,-20,18,3,15,21,15,23,23,8,14,6,10,4,7,10,6,69,12,12,14,17,10,13,27,5,20,52,46,60,45,16,54,38,12,8,46,33,9,10,48,8,15,47,22,3,6,40,10,-20,15,14,3,11,22,26,10,17,10,9,10,13,19,25,18,16,9,9,9,9,11,34,16,7,40,13,13,14,12,24,8,80,10,10,5,26,22,6,12,13,25,35,38,23,70,29,52,63,37,24,24,10,34,21,13,39,11,19,15,9,22,10,23,12,32,30,22,25,20,16,58,10,17,8,13,32,16,17,28,21,37,10,9,8,32,27,25,76,36,46,39,49,23,38,28,31,49,41,31,35,27,36,26,60,44,24,6,28,25,62,4,9,16,11,24,45,11,13,28,23,36,34,51,5,22,15,83,23,35,22,28,9,16,29,31,25,18,21,12,10,26,12,22,11,7,15,22,22,17,19,24,26,17,8,19,14,26,16,17,19,17,23,21,20,15,9,10,15,15,12,15,17,7,14,24,18,19,13,24,12,17,19,23,21,18,19,-20,15,9,8,9,15,12,20,17,20,7,6,26,14,20,20,11,29,17,17,14,13,14,11,19,13,40,19,18,14,11,23,-20,23,17,23,22,19,-20,10,10,13,18,14,12,20,19,12,20,15,15,10,12,32,27,5,8,12,6,24,11,5,14,10,23,11,6,14,12,16,7,10,7,17,12,18,6,10,7,9,7,14,8,8,20,10,17,7,15,11,10,12,4,9,24,19,13,25,15,13,21,12,7,13,10,22,14,13,17,5,21,17,7,9,14,28,21,17,13,18,8,13,22,23,10,31,14,17,21,22,10,20,20,5,9,18,13,27,6,20,12,13,12,8,13,21,-20,24,15,15,25,17,12,11,15,9,16,17,13,12,8,13,12,18,40,22,29,16,5,6,15,8,63,6,24,27,15,25,28,22,22,25,29,35,28,24,20,25,21,21,24,17,21,25,33,27,19,14,12,15,30,52,20,28,19,22,17,31,14,17,24,22,22,15,10,14,10,12,13,4,22,7,10,15,11,14,16,7,11,13,20,7,9,8,17,14,17,9,25,11,15,5,7,18,9,13,11,24,20,17,16,5,5,13,11,15,15,15,2,3,6,5,9,10,4,13,10,7,13,10,15,17,18,9,11,13,7,19,17,14,15,9,11,6,7,17,18,14,57,8,14,19,14,16,15,9,19,14,13,9,9,8,13,6,10,21,3,-20,11,17,18,11,14,5,15,10,8,8,12,16,9,18,18,26,20,12,-20,15,15,10,3,4,11,12,5,14,8,-20,21,4,8,4,13,-20,3,2,8,4,9,10,7,3,3,11,8,4,9,9,4,6,5,-20,9,4,4,5,3,9,-20,9,-20,8,7,8,6,4,7,10,7,17,-20,-20,6,-20,4,9,14,6,7,8,10,9,14,8,3,37,16,26,38,23,23,35,56,55,44,38,67,63,62,55,55,62
"chr5,2838690",8,11,8,6,19,7,10,11,11,3,8,-20,56,57,36,26,38,31,109,64,36,18,60,44,81,35,31,47,19,8,-20,15,8,21,66,74,34,26,23,13,15,25,15,11,15,31,18,73,12,16,33,39,57,32,33,19,52,55,26,37,36,44,42,27,31,41,37,48,51,25,36,30,31,34,29,60,28,15,6,13,5,14,13,9,11,38,25,64,48,27,31,51,48,55,45,43,18,43,11,44,45,34,8,22,30,54,3,37,58,8,15,5,57,44,11,-20,58,18,6,8,19,-20,16,8,44,9,6,45,24,8,25,7,15,9,31,47,53,8,8,15,7,15,10,17,41,10,12,36,12,6,9,11,10,8,26,19,4,20,61,37,17,6,10,10,7,17,11,8,-20,13,47,54,25,22,-20,26,10,18,22,97,9,15,21,-20,30,10,14,27,10,6,27,22,3,11,8,26,14,10,17,23,4,20,24,23,39,15,24,54,-20,29,55,31,28,33,19,13,54,12,15,23,17,24,24,34,22,16,20,16,33,36,56,46,60,45,18,13,14,22,19,20,26,25,33,26,-20,25,15,19,22,26,16,17,12,11,18,19,18,18,33,17,14,20,24,21,8,21,30,28,29,22,17,25,19,27,29,12,47,45,35,62,4,25,8,31,12,17,13,8,9,3,4,30,8,14,57,14,45,6,5,-20,37,-20,10,10,7,32,47,5,44,47,48,42,39,55,12,8,5,8,24,81,8,27,13,20,10,10,3,12,15,33,9,22,5,15,30,6,16,37,41,20,4,30,33,24,11,15,8,10,22,15,9,10,8,13,8,20,7,15,24,31,9,19,17,7,8,6,13,7,12,15,10,7,7,52,9,7,5,57,8,11,14,7,5,16,19,16,16,20,7,14,5,14,4,10,-20,11,6,11,70,4,10,14,4,35,21,-20,7,18,12,5,20,10,16,17,17,10,5,4,7,12,6,18,17,13,15,28,16,13,15,23,20,14,82,17,16,10,10,15,7,12,9,10,7,6,9,7,15,7,11,17,65,19,6,7,15,3,13,22,14,13,-20,17,12,12,19,5,3,7,14,10,4,23,18,4,12,8,-20,2,65,42,29,19,9,16,4,12,12,13,8,22,5,16,24,17,21,22,9,14,6,9,6,7,9,5,71,9,10,-20,17,-20,12,25,5,18,50,43,57,45,12,46,35,11,8,42,38,9,9,48,9,16,43,20,2,-20,37,9,-20,14,16,4,10,22,25,13,16,8,9,14,10,20,27,22,14,6,8,9,8,11,36,12,7,-20,14,14,11,11,22,9,74,12,8,4,27,22,8,12,13,24,33,37,23,67,32,52,68,33,26,25,9,26,24,11,38,11,19,15,9,23,10,24,11,32,27,25,23,18,17,59,10,18,8,13,34,18,17,28,19,34,10,7,8,33,24,23,73,34,49,36,44,-20,39,30,33,49,42,30,36,26,39,33,60,42,21,5,31,25,70,9,8,17,14,23,50,12,14,31,19,33,34,51,6,20,17,82,23,30,24,26,9,15,28,31,24,18,22,10,11,24,12,25,9,-20,15,18,21,17,-20,23,25,18,10,18,15,24,16,16,18,18,22,22,-20,14,-20,11,14,12,9,17,16,-20,13,24,17,16,-20,24,8,16,22,22,17,18,19,10,13,8,7,-20,12,-20,16,15,19,8,8,23,15,20,20,10,23,18,16,12,12,13,11,16,12,34,20,17,13,11,18,-20,22,16,21,21,18,-20,10,10,11,17,12,11,19,18,11,19,15,13,9,9,29,22,5,8,12,4,22,10,4,12,9,24,10,6,14,12,15,8,10,7,17,10,17,6,8,7,9,6,12,8,9,19,10,16,7,12,10,8,12,6,7,24,14,12,20,13,12,19,-20,-20,11,9,19,13,11,17,4,21,16,7,11,14,24,18,17,12,18,8,11,20,21,8,30,11,20,19,22,8,17,19,-20,10,19,13,25,6,23,11,14,8,9,11,-20,-20,25,15,14,22,13,14,9,16,8,17,16,13,10,8,11,7,16,39,19,24,13,6,7,13,6,63,6,23,27,14,23,29,20,20,24,27,34,25,20,19,24,21,19,20,20,19,24,31,25,20,13,10,15,26,52,19,27,19,21,16,29,14,18,21,19,20,16,11,14,10,13,10,4,18,6,9,15,10,11,16,-20,11,15,18,6,7,9,16,15,17,9,25,12,14,7,6,16,9,13,11,24,19,15,14,5,5,13,11,14,14,15,-20,3,6,6,7,8,5,13,11,7,12,9,15,16,16,9,10,12,6,-20,16,15,14,10,11,7,8,17,17,13,52,8,15,20,11,17,15,10,18,13,12,8,8,5,12,6,12,21,3,-20,12,17,21,10,13,5,15,10,8,6,11,19,10,17,17,26,17,9,6,11,14,9,-20,3,11,11,5,7,7,5,16,5,8,4,14,-20,4,4,12,8,12,10,5,5,3,11,7,-20,8,13,8,3,11,7,-20,6,4,-20,4,8,4,7,3,7,4,6,5,4,7,9,5,14,-20,4,5,-20,7,-20,14,6,6,8,6,11,13,8,3,32,18,21,36,22,27,33,55,50,41,37,64,63,57,55,53,66
"chr5,2838711",8,11,7,4,15,5,10,10,10,3,7,3,55,55,40,26,32,28,100,62,41,12,58,44,73,33,32,41,14,9,6,10,10,17,66,67,35,20,22,9,14,31,17,6,18,34,13,70,14,17,29,42,49,33,35,19,58,57,26,38,36,37,43,27,35,42,32,44,57,21,29,31,23,30,31,52,25,13,5,13,6,10,13,6,14,33,26,57,50,21,32,51,49,48,46,43,17,41,9,40,42,32,10,22,30,50,3,34,60,9,10,6,49,41,11,8,57,16,6,7,18,10,16,7,39,7,5,57,22,5,27,7,13,8,35,47,53,8,7,12,7,13,8,16,34,8,12,31,9,8,8,7,5,14,27,26,-20,18,52,40,15,4,7,10,6,17,10,6,8,15,42,70,37,18,3,29,9,14,15,76,-20,15,26,6,30,5,12,21,7,8,38,18,5,9,9,28,15,9,24,17,3,20,18,24,31,16,20,49,-20,23,45,37,33,25,20,15,51,13,19,28,19,20,22,33,16,12,17,13,37,34,56,47,56,46,21,14,13,18,19,24,28,26,35,36,6,31,20,17,11,31,15,20,16,16,26,20,17,17,36,15,12,23,21,17,19,17,31,19,28,26,23,33,20,32,36,6,45,51,36,45,5,26,9,28,9,14,10,8,5,-20,4,32,8,22,61,18,40,4,4,5,33,6,9,7,5,27,38,5,44,34,43,27,36,58,9,10,5,10,19,63,11,23,10,20,12,9,3,12,15,34,7,18,3,14,32,9,13,39,42,16,4,30,26,17,9,10,7,7,16,13,9,7,10,15,7,20,9,16,24,29,8,15,17,7,10,-20,13,5,9,12,10,4,5,46,8,7,5,46,-20,9,11,6,-20,18,19,12,13,20,9,19,6,15,4,-20,15,11,6,10,61,4,9,12,4,22,15,2,10,14,10,6,14,8,13,14,11,11,10,-20,4,11,6,15,15,11,11,21,18,-20,12,24,18,12,85,14,13,9,7,13,8,15,8,9,7,7,10,5,14,6,12,19,52,23,4,8,13,4,13,20,10,11,-20,20,10,13,20,5,4,-20,13,8,3,21,16,3,12,7,6,3,70,38,20,23,9,20,4,13,14,12,10,18,7,13,28,16,16,34,11,13,6,12,6,6,10,-20,64,7,10,11,15,7,9,24,5,14,35,41,51,36,12,41,41,10,6,33,35,8,10,40,7,18,40,18,-20,4,39,9,-20,16,17,4,8,24,22,12,18,10,9,22,12,16,29,22,11,6,9,8,9,11,33,12,7,33,14,14,8,9,22,8,66,-20,7,8,29,24,8,-20,11,21,40,37,22,64,31,50,60,28,22,26,7,24,22,8,31,9,15,15,9,20,13,26,9,25,24,23,19,13,15,66,7,17,10,15,29,17,16,22,19,31,9,7,8,39,24,29,76,32,49,44,48,26,45,31,29,52,39,31,-20,28,38,37,62,-20,30,-20,30,21,69,13,8,19,17,22,52,18,25,31,17,45,29,56,6,25,19,73,18,37,21,27,7,12,26,35,21,17,21,9,9,18,11,22,4,6,13,19,18,15,14,19,23,13,11,18,14,24,15,16,16,15,21,19,19,10,11,11,16,13,10,18,16,6,13,26,17,12,10,20,6,12,21,20,20,18,-20,9,13,12,7,6,12,14,16,14,20,8,10,21,14,18,20,10,23,16,15,9,7,13,10,14,10,32,21,16,12,11,16,6,22,12,20,16,15,-20,9,12,12,20,13,12,16,16,11,15,16,9,9,8,27,17,4,9,10,3,20,8,4,9,10,18,8,6,15,12,15,7,9,8,15,10,16,5,5,5,8,5,10,8,7,16,10,11,11,14,10,9,11,6,7,23,13,13,21,8,12,14,9,7,10,9,16,14,11,16,4,17,15,8,11,11,23,15,14,12,19,5,10,16,22,8,24,11,19,20,17,7,14,15,2,8,15,13,22,7,23,9,12,9,6,12,18,-20,22,15,12,19,13,11,7,15,7,18,12,13,9,7,10,9,14,33,20,20,15,7,6,10,8,52,6,18,24,18,24,23,17,17,26,26,31,22,17,18,19,21,18,19,18,20,23,28,21,17,11,11,13,21,48,18,21,18,23,16,23,12,15,12,16,18,13,12,15,7,12,10,6,17,5,7,15,8,11,16,7,10,16,19,6,7,9,15,13,15,8,26,11,12,5,-20,17,8,12,7,21,18,12,13,4,7,11,9,14,16,14,-20,3,5,7,5,6,4,10,9,7,10,12,14,20,16,7,10,10,8,20,13,13,14,9,10,6,7,17,12,11,44,6,14,23,8,14,15,7,18,17,10,9,8,4,11,4,10,22,4,-20,11,15,16,9,8,5,13,5,8,5,16,17,11,18,16,23,17,4,4,12,14,7,5,-20,7,17,2,11,6,8,10,-20,5,3,11,4,7,5,10,12,10,5,4,4,-20,9,9,4,6,10,7,-20,10,6,10,7,4,-20,6,9,9,9,5,11,5,4,6,9,8,10,3,16,-20,8,4,6,7,9,17,7,6,8,7,5,19,8,3,36,15,26,36,19,30,33,62,43,41,-20,55,62,59,67,55,65
"chr5,2838719",8,9,6,4,12,4,10,10,11,3,7,3,53,55,40,23,34,30,93,66,47,10,57,44,80,34,34,39,14,9,8,10,11,21,69,71,31,21,22,10,12,31,14,11,20,37,-20,72,14,15,26,44,43,29,32,17,58,55,23,34,40,36,41,26,40,42,29,45,58,17,29,32,22,29,28,53,26,12,6,13,6,10,13,8,14,33,25,54,50,20,28,49,54,49,52,48,15,41,11,35,36,30,11,20,26,48,4,43,59,10,8,6,38,40,-20,7,54,16,6,7,18,10,12,8,40,6,4,58,20,5,34,7,13,7,42,47,50,9,7,12,6,12,8,15,33,6,12,33,7,9,8,6,6,15,25,24,5,19,59,41,14,3,7,10,6,14,10,4,-20,15,39,73,41,21,7,30,7,13,15,74,11,14,26,6,27,5,8,26,6,7,37,18,4,8,12,21,16,8,27,17,4,17,20,25,31,15,21,51,-20,26,43,34,30,24,18,15,47,14,20,27,22,19,15,32,14,10,17,14,38,34,57,44,56,42,17,14,13,18,18,23,29,20,35,36,10,32,21,18,13,34,17,17,-20,15,26,20,18,18,39,16,13,21,23,19,29,17,27,18,24,24,26,36,20,28,34,7,44,50,32,46,5,27,8,32,9,13,13,8,3,5,6,35,7,21,63,30,49,4,4,5,34,6,9,7,5,27,40,5,43,36,40,32,32,53,7,9,4,11,16,56,12,21,11,19,9,10,4,12,16,33,10,19,5,12,36,9,14,36,36,15,5,26,27,15,11,7,-20,10,15,13,9,8,10,15,7,17,10,17,25,28,6,-20,16,8,10,-20,12,5,10,12,9,3,6,44,8,6,7,39,-20,7,11,6,-20,18,18,15,13,23,8,17,6,12,4,6,13,14,6,9,51,-20,9,13,-20,19,18,3,13,13,9,6,11,8,15,11,10,11,11,-20,4,14,6,13,15,11,12,21,19,9,8,22,21,13,84,13,11,10,6,11,8,15,9,8,7,6,11,6,11,4,11,19,42,24,7,8,13,4,13,17,9,10,-20,20,9,12,24,3,4,4,15,7,-20,20,15,3,11,7,6,-20,69,36,21,23,7,16,4,12,15,9,9,19,8,14,27,14,14,33,10,12,6,12,7,6,-20,3,66,6,11,9,12,9,9,26,5,13,35,41,53,35,14,41,34,11,4,31,34,8,10,42,6,14,36,16,-20,3,42,11,-20,16,17,4,8,24,23,11,15,11,11,-20,14,17,25,25,13,-20,9,7,8,10,33,12,7,33,17,13,8,9,20,7,65,8,6,-20,27,24,8,14,12,21,40,33,23,54,28,49,58,27,22,27,8,27,21,7,30,9,15,14,11,20,14,25,9,24,23,22,19,12,16,68,7,14,12,16,30,17,16,23,19,31,9,7,6,31,22,28,83,31,52,47,50,29,47,30,32,53,38,30,42,31,36,40,66,46,32,5,29,22,64,12,7,21,13,19,58,18,25,30,18,43,28,56,6,27,15,76,22,41,24,25,8,14,26,34,19,14,19,9,11,20,12,22,4,5,13,21,20,16,12,18,21,13,10,20,13,24,15,17,16,13,20,17,20,12,10,-20,16,13,10,18,15,6,12,25,19,11,10,18,6,13,23,-20,20,16,17,7,14,14,5,6,13,14,16,16,19,8,10,20,12,19,21,11,24,17,17,9,6,13,13,14,8,22,20,15,10,12,17,6,22,12,16,15,13,-20,10,12,12,20,14,14,17,15,13,17,14,9,10,8,24,15,4,8,11,3,18,7,4,9,10,16,8,6,12,15,15,7,10,8,15,11,16,6,6,6,7,5,9,8,6,18,10,10,10,13,10,8,11,6,8,22,13,14,20,8,13,16,9,-20,10,10,15,14,11,14,4,15,14,7,12,12,25,17,16,11,19,5,11,15,20,7,21,10,19,20,19,8,15,14,2,7,15,13,20,5,23,9,10,12,6,13,17,-20,22,15,11,22,13,13,8,17,7,17,10,13,9,9,12,8,13,31,19,17,15,8,6,11,8,56,4,20,22,18,21,24,16,16,24,24,30,23,20,20,20,19,17,21,19,19,24,31,21,17,12,10,13,21,41,16,18,19,24,17,24,13,15,12,16,18,14,11,16,7,12,10,6,16,5,7,16,8,10,17,8,10,15,13,7,7,8,15,12,15,9,26,11,11,4,-20,17,5,12,8,17,17,12,12,4,6,10,10,13,14,12,-20,3,5,7,5,6,4,11,9,6,10,12,15,18,16,7,10,10,9,19,13,10,15,8,9,6,6,17,11,11,43,6,14,21,8,13,14,7,18,18,9,8,8,5,8,4,10,22,4,-20,12,16,15,9,9,5,12,5,8,5,16,15,12,19,17,21,18,-20,-20,15,11,10,-20,4,6,13,3,10,4,9,10,-20,6,3,11,-20,6,8,8,12,10,3,5,6,-20,7,7,-20,5,12,-20,-20,12,8,10,9,5,-20,-20,7,9,6,-20,14,6,7,5,11,6,5,-20,10,-20,6,-20,5,8,7,16,5,6,8,5,5,17,8,3,36,18,26,36,22,29,35,61,45,43,-20,49,62,54,68,54,67
"chr5,2838723",8,7,6,4,12,4,10,9,10,3,5,4,55,51,39,25,28,30,89,67,45,9,54,44,81,31,31,32,16,9,8,10,11,21,68,70,31,23,21,11,12,33,16,11,20,39,11,71,14,15,26,43,39,26,29,17,56,54,26,34,36,34,41,26,39,41,29,45,53,17,27,30,22,26,25,53,27,12,8,11,6,10,14,8,16,31,26,54,47,18,30,46,55,47,55,46,15,38,12,34,38,30,11,20,26,45,4,41,57,9,9,7,34,39,10,7,54,18,6,7,15,10,10,8,41,5,3,58,19,4,31,7,10,5,41,45,46,9,7,12,4,12,7,12,27,5,9,31,6,-20,8,5,-20,15,23,25,6,19,58,37,13,2,-20,9,6,13,8,4,6,15,39,72,43,20,7,28,7,13,15,67,10,14,26,7,24,7,9,29,6,7,36,19,4,-20,12,19,18,11,25,19,4,17,20,27,32,15,25,55,-20,-20,44,35,33,25,18,16,50,14,19,26,21,18,15,31,16,9,16,16,34,35,57,45,57,41,15,15,13,17,20,24,30,17,37,35,10,34,-20,19,13,35,17,17,16,16,28,18,19,17,39,15,11,20,22,21,30,18,28,12,25,26,26,35,19,25,33,9,46,54,29,42,4,25,9,32,10,18,12,8,3,5,7,36,8,20,61,28,50,3,4,4,31,-20,8,6,5,24,41,5,44,32,38,32,31,53,7,9,-20,11,16,54,-20,21,10,18,9,10,4,13,16,37,-20,20,6,12,38,9,13,34,37,14,7,31,25,14,13,6,6,10,16,13,9,7,8,16,6,17,10,19,23,27,5,18,17,8,11,-20,12,6,10,12,9,3,6,45,9,6,6,39,-20,7,8,-20,7,18,17,13,12,23,8,14,7,13,4,6,12,11,6,9,50,-20,9,12,-20,18,17,3,12,13,9,6,12,9,14,9,10,9,11,-20,4,13,8,12,15,9,12,21,20,-20,8,23,21,10,81,12,9,11,6,10,11,-20,9,7,7,-20,10,6,13,5,9,19,38,26,9,7,13,-20,13,16,9,10,-20,21,9,12,23,3,-20,4,16,6,-20,19,14,3,11,7,-20,-20,65,39,22,20,8,16,5,12,15,10,9,17,8,14,27,15,14,32,8,12,7,10,7,6,7,3,63,7,11,9,11,-20,9,-20,6,12,31,40,52,35,14,39,31,10,3,31,33,8,8,40,6,15,36,15,-20,3,42,9,-20,15,18,-20,6,23,21,10,-20,10,11,25,15,16,24,25,13,4,9,-20,8,9,36,12,-20,-20,18,13,8,9,17,8,60,-20,5,9,24,24,-20,14,13,23,40,32,24,52,27,50,59,29,21,30,7,27,18,8,30,9,17,13,10,24,14,23,9,21,23,23,18,13,16,63,6,13,10,15,33,16,14,22,19,31,-20,6,5,31,25,-20,79,29,51,47,50,29,49,29,34,52,35,27,-20,-20,34,38,69,47,34,-20,29,22,66,15,7,21,15,18,60,18,25,30,18,45,29,54,6,30,14,78,21,44,24,27,7,13,21,34,-20,15,19,7,11,19,14,22,5,-20,15,21,-20,15,13,16,21,12,9,19,13,22,16,17,15,13,14,17,17,12,10,-20,16,13,10,17,13,7,10,24,17,14,-20,18,8,14,24,19,18,15,17,7,15,-20,5,5,12,13,15,14,21,10,11,21,12,18,21,11,25,16,17,10,7,12,12,14,8,22,19,14,13,11,16,6,19,13,14,17,13,-20,9,11,12,17,11,14,16,13,11,18,11,8,8,8,24,14,4,7,11,-20,15,6,-20,9,8,18,10,7,13,16,14,7,9,8,13,11,13,6,6,6,9,6,12,8,6,16,-20,9,11,13,10,8,10,6,8,23,14,12,20,8,15,14,8,7,12,10,14,14,11,17,3,16,14,8,12,11,25,15,13,12,19,6,10,13,19,7,18,9,20,19,19,9,15,13,2,6,16,15,16,5,21,9,10,12,4,14,15,-20,21,15,12,22,12,10,8,17,7,-20,9,12,8,8,11,7,11,30,19,15,15,-20,7,11,8,54,4,18,21,21,19,22,13,17,25,21,29,20,20,17,18,19,16,22,16,20,22,29,18,16,11,10,11,20,37,17,17,18,23,16,21,12,14,13,17,16,15,11,15,7,12,7,5,15,5,8,16,8,10,15,8,10,14,13,8,7,7,14,12,17,9,23,11,11,4,-20,15,4,12,8,18,15,11,12,5,7,-20,10,11,14,13,-20,3,4,6,6,6,4,11,8,6,13,12,16,19,15,7,9,10,10,18,14,9,15,9,9,5,6,16,11,10,43,5,15,19,8,11,13,6,19,21,-20,7,8,6,8,4,-20,20,5,-20,12,16,15,9,8,5,12,5,8,4,17,14,13,18,16,21,18,4,-20,14,11,-20,-20,-20,4,16,4,11,4,7,8,3,6,3,10,7,6,-20,6,15,9,4,4,-20,-20,-20,4,5,5,12,5,-20,10,8,10,-20,6,-20,-20,7,9,7,-20,14,8,8,5,11,-20,-20,2,13,-20,5,-20,4,6,7,14,7,5,8,4,3,16,-20,3,34,16,26,35,19,30,35,60,47,43,-20,47,63,59,70,58,65
"chr5,2838726",7,6,5,3,12,4,10,9,12,3,5,4,56,54,40,27,31,30,90,69,46,9,58,44,80,32,36,32,16,7,9,11,11,21,70,70,31,23,22,11,12,35,17,11,21,42,10,74,15,13,25,43,41,27,32,18,55,58,25,38,36,35,42,26,41,41,31,44,55,17,28,28,21,26,29,57,24,12,9,11,6,13,15,8,16,33,28,53,46,18,31,47,56,46,54,43,15,36,12,35,37,30,12,20,28,49,4,40,58,9,7,6,37,39,10,7,52,19,6,8,15,10,9,8,41,4,-20,58,22,4,32,7,10,5,45,47,50,8,7,13,4,12,7,12,30,5,9,29,6,13,7,5,-20,15,25,24,7,19,61,35,12,2,6,9,6,13,8,4,6,14,39,72,44,21,7,29,6,13,14,74,10,14,24,7,25,7,9,28,4,7,33,18,4,8,13,19,20,11,25,19,2,17,21,28,31,16,26,52,3,29,44,33,34,23,18,14,54,13,20,26,21,11,11,32,17,9,15,16,37,37,57,45,56,43,16,14,12,16,19,25,33,19,38,38,9,35,22,18,14,35,20,18,17,13,32,16,20,16,37,17,10,22,22,20,30,17,27,11,25,26,26,39,17,25,34,7,42,55,29,42,4,27,9,31,10,20,11,8,3,5,7,36,9,23,60,27,54,3,4,4,33,6,7,6,5,29,44,5,45,30,38,31,32,53,7,9,5,11,16,51,13,20,9,17,8,10,4,13,15,35,10,20,-20,11,38,9,15,36,40,14,7,29,25,14,13,6,5,10,14,14,8,7,-20,16,6,16,10,19,26,27,5,17,17,8,11,-20,12,6,9,12,10,3,-20,49,9,7,6,38,-20,6,8,7,6,19,19,14,12,20,8,14,7,13,4,6,12,13,5,8,49,-20,9,12,4,14,18,-20,11,11,9,6,12,9,14,8,10,9,10,-20,3,13,7,11,16,10,12,20,21,9,9,25,21,11,78,12,8,11,6,9,10,16,8,7,6,6,10,6,11,5,9,19,35,27,9,7,12,6,15,16,9,11,-20,23,10,11,23,3,-20,4,18,8,-20,19,14,3,11,7,7,-20,67,39,22,22,8,16,5,12,14,10,9,18,9,12,28,16,13,34,8,10,7,9,7,6,7,3,60,7,12,9,9,9,9,26,6,12,31,40,53,33,16,40,33,11,4,33,34,8,9,45,6,13,36,14,-20,4,42,9,-20,14,18,4,5,23,22,11,15,11,9,24,15,17,26,24,13,5,8,7,8,9,38,11,7,35,17,13,8,8,17,7,61,8,5,10,23,24,8,11,13,23,41,34,24,54,30,50,57,30,18,32,8,30,19,8,30,9,17,15,11,24,15,26,-20,22,25,23,17,14,16,69,7,16,11,16,32,16,14,26,19,32,8,8,5,31,25,28,72,34,48,45,49,30,50,27,33,55,32,26,43,27,34,34,69,48,37,-20,28,25,70,15,7,20,16,19,61,17,26,32,18,45,29,61,6,30,14,80,21,40,25,26,7,12,20,35,16,15,18,8,11,19,15,23,5,5,16,22,20,17,12,18,21,12,9,20,13,28,17,16,16,14,15,17,18,15,10,9,18,13,10,17,14,6,12,26,16,15,11,18,8,13,24,18,21,16,17,7,16,17,5,5,11,15,16,14,21,10,11,23,14,20,21,12,26,16,16,9,7,12,14,15,8,25,21,16,16,-20,18,7,21,15,15,18,13,-20,9,11,11,19,13,14,16,15,11,18,13,8,8,7,24,15,4,7,11,3,16,6,-20,9,8,18,10,7,12,16,17,8,10,8,13,12,13,9,9,7,9,6,11,8,6,16,10,10,11,13,11,8,10,6,9,25,16,14,20,8,16,14,8,9,12,10,13,16,11,18,3,17,16,9,12,12,25,18,14,14,20,6,11,15,19,9,19,9,21,20,19,9,15,13,-20,6,15,15,17,6,20,9,12,14,4,14,16,-20,23,16,13,23,12,12,8,17,8,16,8,13,9,10,14,8,11,32,19,17,15,8,7,10,8,58,4,20,21,24,19,22,13,18,26,24,30,19,20,17,20,20,17,22,16,20,22,30,17,16,11,10,12,20,38,17,18,18,24,16,21,13,16,13,17,16,16,14,15,7,12,9,6,16,5,9,15,9,10,15,9,11,13,12,8,9,6,14,13,18,9,24,11,12,4,-20,18,5,13,8,19,14,12,13,5,7,10,9,12,14,13,-20,4,5,6,6,6,4,11,8,7,13,12,18,19,15,7,9,10,11,20,13,9,16,9,9,5,7,16,11,10,43,6,15,19,8,12,14,7,19,22,9,7,8,6,8,4,10,20,5,-20,12,16,15,9,8,4,11,7,8,-20,18,14,14,18,16,19,-20,8,-20,13,11,10,-20,-20,5,14,5,10,3,5,6,-20,7,-20,10,7,8,6,5,13,8,3,4,4,-20,7,3,6,7,12,3,4,11,4,10,8,6,4,-20,8,12,8,5,12,10,9,5,11,7,7,3,15,-20,7,3,5,7,6,11,3,6,6,-20,4,13,8,3,34,17,26,34,19,31,33,60,51,43,-20,51,63,59,72,58,63
"chr5,2838734",6,5,-20,-20,9,4,11,8,11,3,5,5,59,52,37,25,27,25,86,68,51,8,55,45,77,33,37,30,15,7,11,14,11,18,69,65,29,23,22,12,12,39,17,11,20,43,11,73,13,15,23,46,40,31,31,18,59,60,28,34,37,36,44,27,41,35,31,45,56,17,23,29,22,27,31,53,22,9,8,8,7,14,15,8,18,31,28,52,42,16,26,47,53,38,56,42,14,38,13,34,36,31,10,16,24,50,4,41,57,8,8,6,36,35,12,7,52,18,3,7,16,9,11,8,38,-20,-20,54,21,-20,36,5,10,4,46,46,44,7,6,14,-20,9,6,11,28,4,9,29,4,15,7,5,-20,15,25,25,9,17,60,26,11,-20,4,7,6,11,6,-20,6,12,46,65,41,23,8,27,6,14,11,67,9,14,25,4,21,6,10,32,7,8,34,18,5,7,13,18,18,8,32,16,2,16,19,29,34,14,23,51,-20,-20,44,34,34,25,18,12,54,12,21,29,22,14,14,28,17,12,13,15,35,38,54,48,59,45,16,15,16,19,20,25,32,21,35,38,11,36,24,19,15,39,24,17,17,16,28,19,17,14,35,18,13,24,24,18,31,16,25,11,26,24,22,37,17,25,33,9,40,48,31,35,6,26,7,34,7,23,8,9,3,6,8,40,9,23,58,28,53,-20,-20,4,32,6,-20,-20,4,28,44,4,47,34,34,38,31,51,7,10,6,11,14,47,13,20,11,18,10,11,4,11,15,31,-20,19,-20,11,36,9,13,33,49,12,7,29,23,11,12,5,5,11,14,14,8,6,6,17,6,17,9,18,27,25,7,19,15,7,8,-20,12,6,8,10,11,3,7,53,8,7,6,36,-20,5,8,7,4,20,15,15,12,20,8,14,7,13,4,5,13,10,5,8,43,-20,8,13,3,13,17,-20,13,12,8,6,10,8,14,8,11,9,10,-20,3,15,9,11,18,-20,11,18,19,10,8,24,21,11,82,13,7,9,6,8,12,16,8,8,5,8,8,5,12,5,11,19,34,25,-20,7,11,7,14,15,6,11,-20,20,10,10,22,3,-20,-20,17,8,-20,13,15,3,11,6,6,-20,68,36,19,20,8,16,5,12,13,-20,8,20,9,13,24,15,12,28,7,9,7,9,6,8,-20,3,53,7,10,9,8,5,8,26,6,10,30,37,55,30,18,41,33,10,4,31,31,8,7,41,6,12,37,13,-20,4,41,-20,-20,14,17,4,5,23,20,12,16,10,10,28,15,18,28,26,13,5,7,5,7,9,41,11,8,33,19,11,8,9,17,7,59,8,4,11,20,21,7,13,13,22,43,35,25,54,30,47,51,31,16,31,6,24,20,10,32,8,17,17,15,26,14,24,7,24,25,27,17,14,15,67,-20,18,10,14,30,15,12,27,17,31,4,7,7,34,19,28,70,30,42,47,45,28,53,26,31,57,31,24,47,28,32,32,70,48,40,6,29,24,72,17,10,18,16,25,60,16,25,34,22,42,22,57,3,26,16,77,21,42,30,28,10,18,22,33,18,16,17,8,11,23,14,23,-20,4,16,18,17,14,13,19,21,14,9,16,14,23,14,16,18,15,21,13,20,15,10,11,19,13,11,17,13,7,12,25,14,14,6,16,7,14,26,15,19,16,14,6,16,18,5,7,13,17,17,12,21,9,-20,22,15,19,21,15,26,12,15,11,7,13,16,13,9,23,21,16,17,10,19,-20,22,12,12,18,11,-20,9,9,14,20,12,13,17,16,11,16,12,7,8,6,17,13,4,4,10,3,18,4,-20,10,8,17,10,7,13,17,14,8,10,4,13,14,12,10,7,7,9,6,9,7,6,11,8,9,10,13,12,9,10,7,11,23,22,18,22,9,15,13,8,8,11,9,15,17,12,18,-20,17,16,-20,9,13,20,18,15,9,19,6,9,16,16,9,18,10,22,21,17,11,13,12,-20,8,13,15,17,7,19,9,12,13,3,12,16,-20,18,16,13,20,10,13,9,16,8,14,11,12,8,10,11,11,10,29,17,16,12,7,-20,11,8,60,4,19,20,22,19,19,12,19,26,21,29,18,20,18,18,22,18,22,16,19,21,28,20,13,10,9,13,19,35,17,16,17,24,17,22,13,15,12,17,17,14,14,14,7,12,5,5,16,3,9,18,8,11,13,10,8,15,12,9,9,6,13,10,16,9,26,10,11,4,-20,17,6,11,8,22,13,13,12,6,6,9,8,11,13,12,-20,-20,-20,5,6,6,-20,10,8,5,12,14,19,18,15,7,8,8,10,20,14,9,17,10,9,5,6,17,13,11,51,8,15,17,8,14,15,6,16,22,7,10,8,6,6,3,10,20,6,-20,10,18,16,9,7,3,12,8,9,4,18,12,13,16,17,12,16,8,3,13,9,10,3,-20,8,13,5,9,5,4,6,4,8,4,-20,7,6,5,-20,14,8,3,3,3,-20,13,3,3,6,9,3,6,7,5,11,6,5,3,-20,3,10,8,5,14,8,11,-20,12,4,6,3,14,3,7,3,5,4,-20,14,3,-20,-20,3,3,11,8,3,35,17,26,41,21,32,35,66,51,42,-20,47,60,53,71,56,64
"chr5,2838742",-20,4,-20,-20,6,4,10,7,9,3,-20,5,56,47,34,24,30,24,87,69,51,7,53,40,72,30,36,27,15,7,-20,14,10,19,65,60,31,19,19,10,12,36,17,12,19,42,13,68,12,17,20,45,39,32,31,18,56,62,30,33,36,32,42,23,46,35,30,47,61,15,25,25,20,24,32,53,23,7,8,6,7,14,14,8,15,35,27,52,41,16,23,45,55,35,52,42,16,38,11,37,33,34,11,15,22,55,4,38,54,9,10,6,36,34,10,6,53,17,-20,7,18,8,12,7,35,-20,-20,51,18,-20,36,3,6,4,45,44,45,6,5,13,-20,5,4,9,31,3,10,26,4,13,5,6,-20,15,24,25,-20,11,57,24,10,-20,-20,5,5,10,6,-20,5,12,46,62,43,23,12,28,10,12,10,77,10,14,25,3,27,-20,12,33,-20,8,35,16,-20,9,13,22,19,8,30,19,3,16,21,31,40,-20,23,41,-20,28,38,35,35,24,17,13,55,13,22,29,22,11,17,26,16,12,13,20,27,35,52,44,60,48,14,16,14,18,20,21,30,23,36,36,13,33,26,19,-20,35,19,15,17,16,28,19,18,17,34,17,13,16,26,19,29,14,26,7,27,24,26,36,16,24,30,12,40,35,26,34,9,19,6,35,7,21,9,8,4,6,8,36,9,23,61,35,65,3,3,4,27,5,-20,-20,4,30,42,-20,41,38,28,39,30,47,8,9,7,12,13,46,12,18,14,19,10,10,4,8,16,32,-20,19,-20,7,35,8,10,33,48,9,8,28,22,9,13,4,4,11,16,14,7,6,7,17,6,17,8,19,21,22,6,19,11,6,7,-20,12,6,10,12,12,3,6,54,7,8,7,34,-20,4,7,8,4,19,15,14,11,18,8,10,7,12,5,6,13,10,3,8,37,-20,8,11,-20,9,13,-20,13,14,9,7,8,9,13,9,10,9,10,-20,3,13,8,10,17,10,8,16,25,10,7,26,21,6,93,13,6,11,6,10,9,16,9,8,3,8,9,5,14,5,11,21,26,25,7,8,12,7,16,14,5,8,-20,16,10,9,22,5,-20,-20,17,9,-20,12,16,4,11,8,7,-20,69,36,20,16,7,15,7,12,12,9,8,19,11,13,24,14,12,27,7,10,7,9,6,8,5,3,51,7,10,9,-20,6,7,25,6,10,29,41,49,30,19,40,31,7,4,30,31,7,7,37,5,9,40,13,-20,5,41,9,-20,12,17,3,5,18,18,10,17,11,13,27,13,20,31,27,16,6,7,5,8,10,39,9,10,37,16,13,6,9,16,7,59,6,4,12,20,20,8,12,12,18,42,33,26,45,35,45,45,31,17,30,6,21,20,7,29,-20,15,16,16,26,21,22,9,23,23,26,17,14,13,66,8,20,10,13,28,9,13,27,15,29,4,-20,8,26,18,27,71,30,37,54,48,30,50,30,32,58,30,26,48,24,33,34,82,52,41,4,29,27,76,19,10,18,16,24,54,17,27,33,25,42,24,67,5,25,14,82,19,40,28,27,9,16,22,32,17,15,15,8,11,24,14,21,-20,5,13,15,18,12,13,18,17,13,14,17,15,22,13,16,12,15,18,13,18,15,11,13,19,12,11,16,12,9,10,25,16,15,6,13,6,11,24,15,18,15,14,4,14,18,5,8,12,17,16,13,20,8,9,20,13,17,19,12,22,10,13,10,6,13,16,12,10,22,21,17,15,9,14,6,19,12,14,16,10,-20,9,9,11,19,13,13,16,17,11,16,11,7,7,6,15,13,5,4,11,3,17,-20,-20,8,7,17,9,6,11,16,14,7,10,4,12,14,11,10,7,7,9,6,9,7,7,11,7,9,9,12,10,13,9,7,9,20,22,18,21,9,16,11,11,8,11,9,14,17,13,17,3,16,16,8,10,13,17,16,14,10,17,5,6,15,16,9,15,9,20,23,16,-20,14,9,3,10,11,13,16,7,17,8,13,12,6,11,13,-20,16,14,13,22,11,13,10,15,11,11,10,11,9,10,10,11,9,29,17,16,11,7,7,11,8,60,2,18,18,21,17,17,9,16,23,21,26,19,21,18,17,21,17,20,16,17,19,27,23,12,10,10,10,18,34,15,16,19,20,16,23,10,13,13,16,13,15,14,13,8,11,-20,-20,17,3,9,16,8,11,15,9,7,14,12,9,9,5,13,9,16,8,25,9,13,4,-20,15,7,10,7,21,12,12,14,5,6,8,9,9,12,11,-20,-20,-20,4,6,6,3,9,8,4,12,14,20,19,13,6,9,7,9,20,13,6,16,11,10,4,6,18,12,9,48,7,15,17,6,11,14,7,16,21,5,12,8,-20,-20,-20,10,19,6,-20,9,17,16,8,7,3,12,7,9,4,16,10,13,14,16,12,14,9,4,15,6,8,3,6,7,15,5,7,5,4,8,6,9,4,11,7,7,4,5,10,9,3,5,5,-20,13,-20,3,-20,9,3,6,6,6,8,5,5,3,-20,3,11,7,7,13,9,12,-20,13,-20,10,5,16,2,3,3,5,2,-20,13,3,5,6,5,3,15,8,-20,32,18,26,39,19,31,36,67,53,42,-20,50,56,53,73,51,63
"chr5,2838743",-20,4,-20,-20,6,3,10,7,10,3,-20,5,55,48,32,25,31,24,86,69,52,6,53,41,72,30,36,26,15,7,-20,12,10,18,67,59,31,19,19,9,9,36,18,12,19,42,13,68,12,17,22,46,37,32,32,18,56,63,29,32,36,32,42,22,47,36,30,47,60,16,24,25,19,24,32,52,23,7,8,6,7,14,15,7,15,34,27,51,43,16,22,46,55,36,54,42,16,35,11,36,34,33,11,15,23,55,4,38,54,9,11,6,36,34,9,6,56,17,-20,7,16,8,12,6,35,-20,-20,51,17,-20,35,3,6,3,45,44,43,5,5,13,-20,5,4,9,31,3,10,25,4,13,5,6,-20,15,24,25,9,11,58,24,10,-20,-20,5,5,10,5,-20,5,12,46,65,43,24,13,29,11,12,12,80,10,14,25,3,27,5,11,33,-20,8,34,17,5,10,13,22,19,8,30,18,4,16,21,31,40,16,23,42,-20,28,38,35,35,24,17,13,54,13,22,29,22,10,17,26,15,12,13,21,28,36,51,43,59,48,14,17,14,18,19,21,30,23,38,40,13,34,23,19,-20,34,20,15,17,15,29,20,19,16,34,15,13,15,26,18,31,15,26,8,27,25,26,35,16,24,30,12,40,35,26,34,-20,19,6,35,7,20,9,7,4,9,8,37,9,22,59,35,65,3,3,3,28,5,-20,-20,4,30,42,-20,41,37,29,39,30,47,8,7,7,10,12,45,11,18,14,18,10,10,3,9,16,32,-20,19,-20,7,36,8,10,35,48,9,8,27,21,10,13,5,4,11,15,15,8,5,7,18,5,17,8,18,20,23,6,19,11,6,7,-20,12,6,9,12,11,3,6,51,9,8,7,34,-20,4,6,8,4,18,16,14,10,18,8,10,7,12,6,6,13,10,3,8,38,-20,8,11,-20,9,13,-20,13,13,9,7,8,9,14,9,9,9,10,-20,3,13,-20,10,17,11,8,16,25,9,7,26,22,6,93,13,6,11,6,10,9,16,9,8,3,8,9,5,14,5,11,21,27,25,-20,8,12,7,15,15,5,8,-20,16,10,10,23,5,-20,-20,17,10,-20,12,14,4,10,8,7,-20,69,37,21,15,7,15,7,12,11,9,8,20,11,13,25,14,12,26,6,10,7,9,6,8,-20,3,51,7,10,8,-20,6,6,25,6,10,29,42,48,28,19,41,33,7,4,30,33,7,7,37,5,9,38,13,-20,-20,43,9,-20,11,17,3,5,18,19,10,16,11,13,26,14,21,31,28,15,6,8,5,8,11,41,9,10,38,16,13,6,10,16,7,58,6,4,12,20,20,8,14,13,18,43,32,26,45,35,45,44,33,17,30,6,20,19,7,28,-20,15,16,14,24,21,22,9,22,21,25,17,14,13,65,8,20,10,13,27,9,12,25,15,29,4,-20,7,26,18,27,70,29,37,55,49,30,50,31,33,57,32,26,47,25,33,33,79,54,38,4,29,30,75,21,11,18,16,24,55,18,26,33,27,40,23,67,5,28,14,82,18,42,28,27,9,16,20,31,15,15,13,8,11,22,14,21,-20,5,12,15,18,12,12,18,16,11,14,17,15,22,13,15,10,13,18,12,17,15,11,12,19,12,11,16,11,9,10,25,15,15,6,12,4,9,24,15,16,15,14,3,14,17,5,8,11,16,16,13,18,8,9,20,13,15,18,11,21,10,12,11,5,12,15,11,9,21,20,17,16,9,14,6,17,11,14,14,8,-20,7,8,10,19,13,13,15,16,11,16,10,7,7,6,15,12,5,4,10,3,17,-20,-20,8,6,17,9,6,11,16,14,7,10,4,12,14,10,9,7,7,9,6,8,7,7,11,7,9,8,12,10,13,8,7,9,20,21,18,20,9,15,11,10,8,11,9,12,16,13,18,3,16,16,8,10,10,17,16,14,10,15,4,6,12,16,9,15,9,18,23,16,-20,13,8,-20,10,11,12,14,7,16,8,13,11,6,11,12,-20,14,13,12,21,11,12,10,14,11,11,9,11,9,9,10,10,7,25,17,16,9,7,7,11,-20,58,2,19,17,19,17,17,10,16,21,22,25,19,20,18,17,20,15,20,15,17,18,27,21,12,10,9,10,19,32,14,15,19,18,15,22,10,13,13,15,12,14,14,12,7,11,-20,-20,16,-20,9,15,8,11,14,9,7,14,12,8,8,5,12,9,15,-20,22,9,13,4,-20,15,7,10,7,21,11,10,13,5,6,8,9,8,13,10,-20,-20,-20,4,6,6,3,8,8,4,12,14,19,17,13,5,8,6,9,19,13,6,16,11,10,-20,5,15,12,9,46,7,15,17,6,10,12,7,14,21,5,12,8,-20,-20,-20,9,15,6,-20,7,17,14,8,7,3,9,7,9,4,16,9,12,13,16,12,14,8,4,16,6,9,-20,7,7,14,5,7,4,-20,8,6,9,4,9,8,8,4,5,10,9,3,4,5,-20,13,-20,3,6,9,-20,6,7,7,8,5,5,3,-20,-20,9,7,7,15,-20,12,-20,11,-20,9,4,16,-20,-20,4,5,4,-20,13,3,4,5,5,3,15,8,-20,33,18,28,39,19,31,35,68,52,36,-20,50,53,54,74,49,65
"chr5,2838779",-20,-20,-20,-20,-20,-20,7,-20,9,-20,-20,-20,-20,-20,-20,-20,-20,-20,-20,-20,-20,-20,-20,-20,-20,-20,-20,-20,-20,-20,-20,-20,-20,-20,-20,-20,-20,-20,-20,6,-20,38,-20,-20,-20,49,-20,-20,-20,-20,-20,-20,-20,36,-20,-20,-20,61,-20,-20,-20,-20,-20,-20,-20,-20,-20,-20,-20,-20,-20,-20,-20,-20,-20,-20,-20,-20,-20,-20,6,-20,-20,13,14,-20,-20,-20,-20,-20,-20,-20,-20,-20,-20,-20,-20,-20,7,-20,-20,-20,-20,-20,-20,-20,-20,-20,-20,-20,-20,3,-20,-20,-20,-20,-20,16,-20,-20,-20,-20,15,-20,-20,-20,-20,-20,-20,-20,-20,-20,-20,-20,-20,-20,-20,5,-20,-20,-20,-20,-20,-20,-20,-20,6,-20,-20,13,-20,-20,-20,-20,-20,20,9,24,-20,-20,-20,-20,-20,-20,-20,-20,-20,-20,-20,13,40,63,35,13,15,23,-20,-20,-20,-20,-20,-20,17,3,-20,-20,-20,-20,-20,-20,-20,-20,-20,9,7,16,19,12,-20,-20,-20,-20,-20,-20,-20,-20,-20,-20,-20,-20,-20,-20,-20,-20,-20,-20,-20,-20,-20,-20,-20,-20,-20,-20,-20,-20,-20,-20,-20,-20,-20,-20,-20,-20,-20,-20,-20,-20,-20,-20,-20,-20,-20,-20,-20,28,-20,-20,-20,-20,-20,-20,16,17,18,27,14,7,28,13,13,22,25,-20,-20,-20,-20,-20,-20,-20,-20,-20,-20,-20,19,17,40,40,22,33,-20,20,-20,35,-20,20,5,3,-20,-20,10,32,10,-20,93,32,-20,-20,-20,-20,-20,4,-20,-20,-20,-20,-20,-20,-20,-20,-20,-20,-20,-20,-20,-20,6,7,-20,-20,11,-20,17,25,6,-20,5,7,-20,-20,-20,-20,-20,-20,-20,-20,-20,-20,-20,-20,-20,-20,-20,-20,-20,-20,-20,-20,-20,-20,-20,-20,-20,-20,3,18,-20,-20,-20,-20,-20,-20,-20,-20,8,-20,-20,6,-20,-20,-20,-20,-20,60,-20,-20,-20,-20,-20,-20,-20,-20,-20,-20,17,13,8,20,-20,6,5,-20,-20,-20,-20,-20,-20,-20,-20,-20,-20,-20,-20,-20,-20,-20,14,-20,-20,5,-20,-20,-20,-20,-20,-20,-20,-20,-20,10,-20,-20,-20,-20,-20,-20,15,-20,-20,-20,-20,-20,100,-20,-20,-20,-20,10,-20,20,4,-20,-20,-20,-20,-20,-20,-20,-20,17,-20,-20,-20,-20,-20,7,-20,-20,-20,-20,-20,-20,-20,7,-20,-20,-20,-20,-20,-20,-20,-20,-20,-20,-20,-20,-20,-20,-20,-20,17,-20,-20,11,-20,-20,-20,-20,-20,-20,-20,-20,13,-20,-20,10,-20,12,-20,-20,-20,-20,-20,6,-20,-20,-20,-20,-20,6,-20,-20,-20,-20,-20,-20,-20,-20,-20,-20,-20,-20,-20,-20,-20,-20,-20,-20,-20,-20,40,15,-20,-20,-20,-20,-20,-20,-20,-20,-20,-20,-20,-20,-20,-20,-20,12,-20,-20,-20,28,-20,-20,-20,7,-20,14,-20,-20,-20,-20,15,-20,-20,-20,-20,-20,72,-20,-20,-20,20,-20,-20,20,8,-20,-20,-20,-20,-20,-20,-20,-20,-20,-20,28,5,25,18,9,25,4,11,15,13,36,21,24,6,-20,28,21,-20,-20,-20,48,7,16,12,9,22,-20,-20,-20,-20,-20,-20,-20,9,27,15,26,-20,30,49,-20,-20,30,49,27,31,-20,41,-20,46,25,25,-20,79,-20,-20,5,-20,-20,-20,-20,-20,-20,-20,-20,-20,-20,-20,30,26,-20,21,66,9,-20,-20,-20,-20,-20,26,-20,9,-20,-20,-20,-20,16,-20,-20,-20,22,8,-20,-20,-20,11,-20,-20,-20,-20,17,9,8,14,15,7,18,9,-20,-20,13,15,11,13,-20,-20,-20,-20,13,11,-20,5,15,-20,-20,14,12,-20,-20,5,9,-20,-20,13,-20,9,-20,-20,17,5,6,11,13,-20,-20,11,14,-20,17,13,-20,-20,12,13,-20,-20,12,-20,16,-20,-20,-20,-20,16,16,18,-20,-20,12,-20,26,-20,-20,10,-20,-20,-20,8,20,-20,-20,-20,15,-20,-20,-20,-20,-20,-20,-20,-20,-20,-20,-20,-20,-20,-20,-20,-20,-20,-20,-20,-20,-20,-20,-20,-20,-20,-20,-20,-20,-20,-20,-20,-20,-20,-20,-20,-20,-20,-20,-20,-20,-20,-20,-20,13,-20,7,10,11,19,19,23,-20,-20,-20,-20,-20,-20,-20,-20,10,-20,16,-20,11,12,7,9,13,-20,-20,-20,-20,-20,-20,-20,15,-20,-20,-20,9,-20,18,-20,-20,-20,-20,3,13,-20,11,-20,3,10,-20,-20,-20,8,-20,-20,-20,17,-20,-20,-20,-20,-20,-20,-20,11,-20,-20,-20,-20,-20,-20,9,10,-20,-20,-20,9,9,9,-20,7,67,-20,-20,-20,-20,-20,-20,-20,-20,-20,-20,-20,-20,-20,-20,-20,17,-20,-20,-20,-20,-20,-20,-20,-20,-20,-20,-20,-20,-20,-20,-20,-20,-20,-20,-20,-20,-20,-20,-20,-20,-20,-20,-20,-20,-20,-20,-20,-20,-20,-20,-20,-20,-20,-20,-20,-20,12,-20,8,-20,-20,-20,10,-20,-20,19,6,14,-20,-20,16,10,10,6,15,-20,-20,-20,-20,4,-20,-20,-20,-20,-20,-20,5,-20,8,-20,3,-20,-20,-20,6,-20,12,12,16,-20,-20,-20,8,-20,5,12,-20,13,10,-20,-20,6,8,10,-20,48,6,-20,18,6,-20,9,-20,-20,12,-20,11,-20,-20,-20,-20,-20,-20,-20,-20,-20,-20,-20,-20,-20,-20,-20,-20,9,-20,-20,-20,-20,-20,-20,-20,-20,6,-20,12,-20,8,-20,-20,4,-20,-20,5,-20,-20,-20,-20,-20,-20,-20,-20,-20,-20,-20,-20,-20,-20,-20,3,-20,11,8,4,-20,-20,-20,7,-20,-20,-20,-20,-20,-20,-20,-20,4,10,4,5,7,-20,-20,-20,-20,-20,-20,-20,-20,-20,9,-20,-20,-20,-20,3,-20,13,-20,-20,-20,-20,-20,-20,-20,32,31,-20,-20,-20,-20,-20,-20,-20,-20,-20,-20,-20,-20,-20
